Stock,Date,Open,High,Low,Close,Adj Close,Volume
ITUB3,2019-01-14,32.349998,32.5,32.200001,32.5,31.295362,112400.0
ITUB3,2019-01-15,32.5,32.5,31.690001000000002,32.060001,30.871671999999997,155000.0
ITUB3,2019-01-16,32.07,32.119999,31.620001000000002,31.99,30.804266,137600.0
ITUB3,2019-01-17,32.099998,32.130001,31.620001000000002,31.91,30.72723,99800.0
ITUB3,2019-01-18,32.0,32.459998999999996,31.950001,32.299999,31.102777000000003,148900.0
ITUB3,2019-01-21,32.299999,32.330002,31.370001000000002,32.09,30.90056,102500.0
ITUB3,2019-01-22,32.080002,32.200001,31.709999,31.99,30.804266,94700.0
ITUB3,2019-01-23,31.99,32.290001000000004,31.77,32.259997999999996,31.064255,104400.0
ITUB3,2019-01-24,32.200001,32.330002,31.959999,32.200001,31.006483000000003,159600.0
ITUB3,2019-01-28,31.5,32.650002,31.440001000000002,32.41,31.208706,316800.0
ITUB3,2019-01-29,32.650002,32.720001,32.220001,32.299999,31.102777000000003,328500.0
ITUB3,2019-01-30,32.490002000000004,32.560001,31.75,32.25,31.05463,356700.0
ITUB3,2019-01-31,32.439999,33.0,32.0,32.869999,31.651651,1899300.0
ITUB3,2019-02-01,32.759997999999996,32.990002000000004,32.400002,32.700001,31.502322999999997,381800.0
ITUB3,2019-02-04,32.700001,33.470001,32.43,33.43,32.205582,538500.0
ITUB3,2019-02-05,32.700001,32.82,32.02,32.41,31.222952000000003,4911000.0
ITUB3,2019-02-06,32.59,32.68,31.200001,31.200001,30.057261999999998,738800.0
ITUB3,2019-02-07,31.41,31.84,31.200001,31.51,30.355911,913800.0
ITUB3,2019-02-08,31.639999,32.48,31.5,32.439999,31.25185,714700.0
ITUB3,2019-02-11,32.459998999999996,32.5,31.6,31.98,30.808692999999998,1303200.0
ITUB3,2019-02-12,32.189999,32.66,31.940001000000002,32.5,31.30965,632300.0
ITUB3,2019-02-13,32.5,32.68,31.799999,31.799999,30.635285999999997,552700.0
ITUB3,2019-02-14,32.009997999999996,32.689999,31.57,32.689999,31.492689000000002,460700.0
ITUB3,2019-02-15,32.689999,32.720001,32.200001,32.610001000000004,31.415621,414600.0
ITUB3,2019-02-18,32.610001000000004,32.610001000000004,31.99,32.139998999999996,30.962835,11606700.0
ITUB3,2019-02-19,32.400002,32.98,32.330002,32.799999,31.598661,365000.0
ITUB3,2019-02-20,32.900002,33.360001000000004,32.509997999999996,32.509997999999996,31.319288,605300.0
ITUB3,2019-02-21,32.75,33.369999,32.560001,33.369999,32.147781,876100.0
ITUB3,2019-02-22,31.799999,32.049999,31.65,31.950001,31.486902,2763000.0
ITUB3,2019-02-25,32.07,32.110001000000004,31.6,31.6,31.141979,272800.0
ITUB3,2019-02-26,31.82,31.82,31.5,31.549999,31.092699,240600.0
ITUB3,2019-02-27,31.700001,31.700001,31.24,31.450001,30.994152000000003,249700.0
ITUB3,2019-02-28,31.73,31.790001,30.84,31.110001,30.659084000000004,287200.0
ITUB3,2019-03-01,31.5,31.530001000000002,30.700001,30.75,30.318915999999998,309100.0
ITUB3,2019-03-06,,,,,,
ITUB3,2019-03-07,30.469998999999998,31.290001,30.4,31.17,30.733028000000004,359400.0
ITUB3,2019-03-08,31.17,31.58,30.799999,31.58,31.13728,318100.0
ITUB3,2019-03-11,31.6,32.200001,31.58,32.099998,31.649988,517200.0
ITUB3,2019-03-12,32.16,32.189999,31.85,32.16,31.709148,408800.0
ITUB3,2019-03-13,32.189999,32.610001000000004,31.799999,32.5,32.044388,537100.0
ITUB3,2019-03-14,32.599998,32.599998,31.799999,31.799999,31.354196999999996,364200.0
ITUB3,2019-03-15,32.009997999999996,32.349998,31.370001000000002,31.370001000000002,30.930225,780100.0
ITUB3,2019-03-18,31.799999,32.150002,31.73,32.040001000000004,31.590834,487900.0
ITUB3,2019-03-19,31.83,32.150002,31.700001,31.700001,31.2556,386800.0
ITUB3,2019-03-20,31.99,31.99,31.059998999999998,31.24,30.802048,272700.0
ITUB3,2019-03-21,31.299999,31.299999,30.07,30.59,30.161158,583000.0
ITUB3,2019-03-22,30.299999,30.299999,29.459999,29.85,29.431538,719100.0
ITUB3,2019-03-25,29.9,30.43,29.5,29.65,29.234337,452300.0
ITUB3,2019-03-26,29.690001000000002,30.120001000000002,29.389999,29.58,29.165319,678200.0
ITUB3,2019-03-27,29.49,29.49,28.65,28.799999,28.396252,485400.0
ITUB3,2019-03-28,28.799999,29.82,28.620001000000002,29.610001,29.194901,265800.0
ITUB3,2019-03-29,29.959999,30.049999,29.57,29.85,29.431538,243000.0
ITUB3,2019-04-01,30.07,30.200001,29.450001,29.65,29.249035,313200.0
ITUB3,2019-04-02,29.73,29.790001,29.26,29.4,29.002415000000003,194900.0
ITUB3,2019-04-03,29.41,29.709999,28.84,29.01,28.617690999999997,225300.0
ITUB3,2019-04-04,29.02,29.59,29.02,29.450001,29.051740999999996,138800.0
ITUB3,2019-04-05,29.780001000000002,30.0,29.41,29.85,29.446333000000003,189700.0
ITUB3,2019-04-08,29.99,30.0,29.5,29.700001,29.298363000000002,244200.0
ITUB3,2019-04-09,29.690001000000002,29.690001000000002,29.129998999999998,29.559998999999998,29.160254,142500.0
ITUB3,2019-04-10,29.65,29.709999,29.16,29.32,28.923498,182100.0
ITUB3,2019-04-11,29.360001,29.370001000000002,28.76,28.940001000000002,28.548637,400700.0
ITUB3,2019-04-12,28.91,29.34,28.33,28.639999,28.252693,271000.0
ITUB3,2019-04-15,28.690001000000002,29.1,28.450001,28.780001000000002,28.3908,214400.0
ITUB3,2019-04-16,28.809998999999998,29.07,28.58,28.58,28.193506,193200.0
ITUB3,2019-04-17,28.780001000000002,28.969998999999998,28.040001,28.43,28.045534000000004,224700.0
ITUB3,2019-04-18,28.440001000000002,28.879998999999998,28.209999,28.82,28.430258000000002,265200.0
ITUB3,2019-04-22,28.469998999999998,28.82,28.42,28.620001000000002,28.232965000000004,131700.0
ITUB3,2019-04-23,28.93,29.26,28.91,29.15,28.755798,109400.0
ITUB3,2019-04-24,29.299999,29.299999,28.719998999999998,29.15,28.755798,204100.0
ITUB3,2019-04-25,29.280001000000002,29.41,28.66,29.33,28.933363,276000.0
ITUB3,2019-04-26,29.49,29.49,29.15,29.309998999999998,28.913633,273200.0
ITUB3,2019-04-29,29.5,29.549999,29.059998999999998,29.35,28.953094,108200.0
ITUB3,2019-04-30,29.67,29.67,29.08,29.35,28.953094,228400.0
ITUB3,2019-05-02,29.35,29.59,29.16,29.459999,29.076464,309200.0
ITUB3,2019-05-03,29.700001,29.75,29.25,29.290001,28.90868,200500.0
ITUB3,2019-05-06,29.120001000000002,29.129998999999998,28.68,28.68,28.306620000000002,236900.0
ITUB3,2019-05-07,28.700001,28.75,28.059998999999998,28.51,28.138832,417500.0
ITUB3,2019-05-08,28.610001,29.25,28.57,28.73,28.355970000000003,221400.0
ITUB3,2019-05-09,28.799999,28.799999,28.25,28.5,28.128965,314500.0
ITUB3,2019-05-10,28.530001000000002,28.790001,28.110001,28.200001,27.83287,350600.0
ITUB3,2019-05-13,28.200001,28.209999,27.73,27.75,27.388725,274300.0
ITUB3,2019-05-14,27.82,28.16,27.549999,27.639999,27.280161,301500.0
ITUB3,2019-05-15,27.549999,27.709999,27.190001000000002,27.67,27.309771,197700.0
ITUB3,2019-05-16,27.700001,27.75,27.219998999999998,27.440001000000002,27.082759999999997,232400.0
ITUB3,2019-05-17,27.440001000000002,27.82,27.200001,27.4,27.043282,513400.0
ITUB3,2019-05-20,27.65,28.09,27.42,28.040001,27.674953000000002,207600.0
ITUB3,2019-05-21,27.950001,29.09,27.950001,29.02,28.642195,407300.0
ITUB3,2019-05-22,29.26,29.27,28.690001000000002,29.17,28.790237,244900.0
ITUB3,2019-05-23,29.120001000000002,29.120001000000002,28.66,28.92,28.543495,154300.0
ITUB3,2019-05-24,29.26,29.27,28.52,28.700001,28.326359000000004,280700.0
ITUB3,2019-05-27,28.82,28.950001,28.51,28.51,28.138832,248400.0
ITUB3,2019-05-28,28.58,29.389999,28.57,29.26,28.879065999999998,295600.0
ITUB3,2019-05-29,29.280001000000002,30.040001,29.26,29.790001,29.402168,414600.0
ITUB3,2019-05-30,30.0,30.4,29.860001,30.15,29.757483,287600.0
ITUB3,2019-05-31,30.24,30.440001000000002,29.959999,30.110001,29.718003999999997,263500.0
ITUB3,2019-06-03,30.110001,30.4,29.950001,30.24,29.861183,516600.0
ITUB3,2019-06-04,30.0,30.33,30.0,30.17,29.792065,280600.0
ITUB3,2019-06-05,30.17,30.27,29.59,29.709999,29.337823999999998,171700.0
ITUB3,2019-06-06,29.99,30.0,29.639999,30.0,29.624192999999998,145000.0
ITUB3,2019-06-07,29.85,30.32,29.83,30.190001000000002,29.811813,182800.0
ITUB3,2019-06-10,30.17,30.17,29.459999,29.65,29.278576,246100.0
ITUB3,2019-06-11,29.85,30.0,29.52,29.969998999999998,29.59457,115500.0
ITUB3,2019-06-12,29.969998999999998,30.129998999999998,29.610001,29.860001,29.485948999999998,160000.0
ITUB3,2019-06-13,29.73,29.889999,29.129998999999998,29.48,29.110708000000002,263600.0
ITUB3,2019-06-14,29.15,29.32,28.98,29.27,28.903337,159700.0
ITUB3,2019-06-17,29.01,29.59,29.01,29.42,29.051458,179300.0
ITUB3,2019-06-18,29.42,29.85,29.42,29.85,29.476072,244700.0
ITUB3,2019-06-19,29.68,30.42,29.68,30.309998999999998,29.930307,324400.0
ITUB3,2019-06-21,30.450001,30.98,30.42,30.98,30.591915000000004,1066900.0
ITUB3,2019-06-24,30.98,31.200001,30.559998999999998,30.940001000000002,30.552418,575000.0
ITUB3,2019-06-25,30.950001,30.950001,30.459999,30.6,30.216675,1244900.0
ITUB3,2019-06-26,30.889999,31.200001,30.67,31.200001,30.809162,347700.0
ITUB3,2019-06-27,30.57,31.18,30.57,31.0,30.611665999999996,346100.0
ITUB3,2019-06-28,31.0,31.26,30.92,31.129998999999998,30.740036,451100.0
ITUB3,2019-07-01,31.42,31.42,30.9,31.110001,30.735096000000002,280500.0
ITUB3,2019-07-02,31.120001000000002,31.200001,30.66,30.799999,30.428831,309900.0
ITUB3,2019-07-03,30.790001,31.280001000000002,30.5,31.219998999999998,30.843769,290800.0
ITUB3,2019-07-04,31.290001,31.860001,31.290001,31.530001000000002,31.150036,582900.0
ITUB3,2019-07-05,31.620001000000002,31.860001,31.309998999999998,31.799999,31.416782,364100.0
ITUB3,2019-07-08,31.790001,31.860001,31.59,31.860001,31.476059000000003,253900.0
ITUB3,2019-07-10,31.9,32.09,31.57,31.57,31.189553999999998,726400.0
ITUB3,2019-07-11,31.719998999999998,31.84,31.219998999999998,31.549999,31.169791999999998,343700.0
ITUB3,2019-07-12,31.77,31.84,31.049999,31.379998999999998,31.001844000000002,251700.0
ITUB3,2019-07-15,31.379998999999998,31.41,30.84,31.049999,30.675821000000003,244100.0
ITUB3,2019-07-16,31.049999,31.24,30.879998999999998,31.16,30.784491999999997,316500.0
ITUB3,2019-07-17,31.309998999999998,31.459999,31.0,31.0,30.626423,918200.0
ITUB3,2019-07-18,31.0,31.73,31.0,31.73,31.347624,355000.0
ITUB3,2019-07-19,31.74,31.76,31.09,31.110001,30.735096000000002,576700.0
ITUB3,2019-07-22,31.120001000000002,31.65,31.120001000000002,31.549999,31.169791999999998,229400.0
ITUB3,2019-07-23,31.549999,31.76,31.299999,31.57,31.189553999999998,432900.0
ITUB3,2019-07-24,31.559998999999998,31.9,31.43,31.68,31.298227,352700.0
ITUB3,2019-07-25,31.67,31.83,30.5,30.74,30.369555,507300.0
ITUB3,2019-07-26,30.799999,31.299999,30.530001000000002,31.1,30.725217999999998,543800.0
ITUB3,2019-07-29,31.24,31.379998999999998,30.889999,31.120001000000002,30.744976,312500.0
ITUB3,2019-07-30,31.280001000000002,31.280001000000002,30.18,30.370001000000002,30.004015000000003,486600.0
ITUB3,2019-07-31,30.51,30.51,29.77,29.9,29.539679,814000.0
ITUB3,2019-08-01,30.110001,30.9,29.950001,29.99,29.643466999999998,554700.0
ITUB3,2019-08-02,30.24,30.24,29.719998999999998,29.959999,29.613811,592100.0
ITUB3,2019-08-05,29.959999,29.959999,29.48,29.67,29.327164,698500.0
ITUB3,2019-08-06,30.0,30.6,29.959999,30.6,30.246418,212600.0
ITUB3,2019-08-07,30.559998999999998,31.799999,30.110001,31.799999,31.432552,747200.0
ITUB3,2019-08-08,31.82,32.240002000000004,31.709999,31.809998999999998,31.442432,453000.0
ITUB3,2019-08-09,31.969998999999998,31.969998999999998,31.24,31.809998999999998,31.442432,359300.0
ITUB3,2019-08-12,31.52,31.530001000000002,30.530001000000002,30.66,30.305721000000002,549500.0
ITUB3,2019-08-13,30.790001,31.1,30.559998999999998,30.950001,30.592375,462500.0
ITUB3,2019-08-14,30.950001,30.950001,30.4,30.4,30.048728999999998,428600.0
ITUB3,2019-08-15,30.9,30.9,30.16,30.190001000000002,29.841154,355000.0
ITUB3,2019-08-16,29.799999,30.08,29.42,29.52,29.412028999999997,614100.0
ITUB3,2019-08-19,29.799999,29.93,29.209999,29.4,29.292469,234400.0
ITUB3,2019-08-20,29.66,29.66,28.809998999999998,29.16,29.053349,142800.0
ITUB3,2019-08-21,29.219998999999998,29.59,29.1,29.549999,29.441917,239800.0
ITUB3,2019-08-22,29.549999,29.549999,29.0,29.139999,29.033421,239300.0
ITUB3,2019-08-23,29.1,29.299999,28.6,28.879998999999998,28.774368,507700.0
ITUB3,2019-08-26,29.49,29.49,28.450001,28.76,28.654812,328500.0
ITUB3,2019-08-27,28.98,29.32,28.77,29.01,28.903896000000003,232800.0
ITUB3,2019-08-28,29.219998999999998,29.370001000000002,28.809998999999998,29.24,29.133055,360900.0
ITUB3,2019-08-29,29.299999,29.639999,28.98,29.469998999999998,29.362211,171000.0
ITUB3,2019-08-30,29.49,29.9,29.33,29.9,29.790642,459000.0
ITUB3,2019-09-02,29.77,29.799999,29.26,29.32,29.227425,368000.0
ITUB3,2019-09-03,29.35,29.48,28.65,28.889999,28.798782,412700.0
ITUB3,2019-09-04,28.92,29.1,28.73,28.879998999999998,28.788815000000003,1780200.0
ITUB3,2019-09-05,29.01,30.1,28.969998999999998,29.799999,29.70591,433600.0
ITUB3,2019-09-06,29.950001,30.68,29.950001,30.68,30.58313,373300.0
ITUB3,2019-09-09,30.799999,31.58,30.799999,31.190001000000002,31.091520000000003,679300.0
ITUB3,2019-09-10,31.1,31.389999,30.549999,30.889999,30.792465000000004,324500.0
ITUB3,2019-09-11,30.940001000000002,31.139999,30.549999,30.799999,30.702753,247400.0
ITUB3,2019-09-12,30.83,31.040001,30.68,30.73,30.632973,162100.0
ITUB3,2019-09-13,30.76,31.450001,30.76,31.0,30.902121,783400.0
ITUB3,2019-09-16,31.0,31.0,30.299999,30.309998999999998,30.214298,264700.0
ITUB3,2019-09-17,30.299999,30.809998999999998,30.27,30.629998999999998,30.533286999999998,258400.0
ITUB3,2019-09-18,30.629998999999998,30.940001000000002,30.379998999999998,30.74,30.642941999999998,197400.0
ITUB3,2019-09-19,30.790001,31.09,29.799999,29.799999,29.70591,11763200.0
ITUB3,2019-09-20,29.92,30.299999,29.92,30.139999,30.044834,512500.0
ITUB3,2019-09-23,30.190001000000002,30.190001000000002,29.719998999999998,30.049999,29.955118,588200.0
ITUB3,2019-09-24,30.030001000000002,30.1,29.629998999999998,29.74,29.646099,368400.0
ITUB3,2019-09-25,29.719998999999998,30.01,29.59,29.889999,29.795621999999998,268600.0
ITUB3,2019-09-26,29.9,30.58,29.870001000000002,30.549999,30.453540999999998,567700.0
ITUB3,2019-09-27,30.6,30.6,30.129998999999998,30.530001000000002,30.433605,419300.0
ITUB3,2019-09-30,30.530001000000002,30.620001000000002,30.120001000000002,30.120001000000002,30.024898999999998,252300.0
ITUB3,2019-10-01,30.17,30.32,29.610001,29.629998999999998,29.551163,923100.0
ITUB3,2019-10-02,29.5,29.5,28.76,28.959999,28.882944000000002,483000.0
ITUB3,2019-10-03,28.959999,29.07,28.610001,28.790001,28.713397999999998,545600.0
ITUB3,2019-10-04,28.85,29.040001,28.51,29.040001,28.96273,536500.0
ITUB3,2019-10-07,29.049999,29.1,28.280001000000002,28.280001000000002,28.204756,474200.0
ITUB3,2019-10-08,28.299999,28.549999,28.040001,28.08,28.005284999999997,577700.0
ITUB3,2019-10-09,28.49,28.690001000000002,28.1,28.5,28.42417,479600.0
ITUB3,2019-10-10,28.5,28.91,28.299999,28.75,28.673502000000003,579600.0
ITUB3,2019-10-11,28.809998999999998,29.309998999999998,28.780001000000002,29.25,29.172174,458800.0
ITUB3,2019-10-14,29.25,29.620001000000002,29.0,29.530001000000002,29.451431,403300.0
ITUB3,2019-10-15,29.6,29.74,29.32,29.690001000000002,29.611003999999998,421200.0
ITUB3,2019-10-16,29.690001000000002,29.99,29.1,29.9,29.820444000000002,738700.0
ITUB3,2019-10-17,29.9,30.1,29.469998999999998,29.76,29.680815000000003,349000.0
ITUB3,2019-10-18,29.74,29.76,29.4,29.66,29.581083000000003,774500.0
ITUB3,2019-10-21,29.700001,30.07,29.49,30.07,29.989990000000002,786900.0
ITUB3,2019-10-22,30.02,30.51,29.9,30.51,30.428821999999997,1620000.0
ITUB3,2019-10-23,30.52,31.27,30.34,30.959999,30.877625,958100.0
ITUB3,2019-10-24,30.950001,31.33,30.809998999999998,31.17,31.087065000000003,531100.0
ITUB3,2019-10-25,31.17,31.549999,30.950001,31.26,31.176825,660000.0
ITUB3,2019-10-28,31.26,31.99,31.1,31.84,31.755281,609000.0
ITUB3,2019-10-29,31.799999,31.799999,31.299999,31.370001000000002,31.286533000000002,522700.0
ITUB3,2019-10-30,31.370001000000002,31.74,30.82,31.559998999999998,31.476028000000003,489000.0
ITUB3,2019-10-31,31.5,31.5,30.73,31.17,31.087065000000003,761900.0
ITUB3,2019-11-01,31.190001000000002,31.629998999999998,30.889999,31.190001000000002,31.121990000000004,390100.0
ITUB3,2019-11-04,31.32,31.549999,31.110001,31.33,31.261683,361800.0
ITUB3,2019-11-05,31.5,32.59,31.5,31.73,31.660812,1117400.0
ITUB3,2019-11-06,31.950001,32.029999,31.4,31.73,31.660812,518800.0
ITUB3,2019-11-07,31.73,31.91,31.540001,31.889999,31.820460999999998,432400.0
ITUB3,2019-11-08,31.59,31.799999,31.23,31.360001,31.291618,399500.0
ITUB3,2019-11-11,31.4,31.709999,31.15,31.58,31.511136999999998,260100.0
ITUB3,2019-11-12,31.59,31.59,30.74,30.92,30.852577,480400.0
ITUB3,2019-11-13,30.9,31.0,30.43,30.790001,30.722862,544100.0
ITUB3,2019-11-14,30.639999,30.98,30.57,30.889999,30.822640999999997,200900.0
ITUB3,2019-11-18,30.99,31.299999,30.799999,30.809998999999998,30.742817,264800.0
ITUB3,2019-11-19,30.99,30.99,30.02,30.299999,30.233931,592600.0
ITUB3,2019-11-21,30.299999,30.76,30.16,30.76,30.692926,325000.0
ITUB3,2019-11-22,30.549999,30.83,30.42,30.73,30.662990999999998,280800.0
ITUB3,2019-11-25,30.809998999999998,30.9,30.299999,30.440001000000002,30.373625,327700.0
ITUB3,2019-11-26,30.440001000000002,30.459999,29.84,29.98,29.914627000000003,275900.0
ITUB3,2019-11-27,30.129998999999998,30.26,29.75,30.200001,30.134148,346400.0
ITUB3,2019-11-28,29.82,29.950001,29.629998999999998,29.860001,29.794889,689400.0
ITUB3,2019-11-29,29.85,29.959999,29.68,29.959999,29.89467,616700.0
ITUB3,2019-12-02,30.049999,30.469998999999998,30.01,30.32,30.269040999999998,341800.0
ITUB3,2019-12-03,30.35,30.610001,30.110001,30.4,30.348906,222500.0
ITUB3,2019-12-04,30.5,31.25,30.370001000000002,31.25,31.197477000000003,639200.0
ITUB3,2019-12-05,31.25,31.65,31.1,31.32,31.267360999999998,284700.0
ITUB3,2019-12-06,31.219998999999998,31.450001,30.950001,30.969998999999998,30.917948,520000.0
ITUB3,2019-12-09,31.16,31.52,30.879998999999998,31.290001,31.237410999999998,477100.0
ITUB3,2019-12-10,31.290001,31.41,30.85,31.09,31.037746000000002,445300.0
ITUB3,2019-12-11,31.16,31.52,30.75,30.879998999999998,30.8281,843600.0
ITUB3,2019-12-12,30.879998999999998,31.18,30.85,30.950001,30.897984,705400.0
ITUB3,2019-12-13,31.09,31.59,30.799999,31.59,31.575226,884100.0
ITUB3,2019-12-16,31.58,31.790001,31.030001000000002,31.040001,31.025482,1310500.0
ITUB3,2019-12-17,31.110001,31.51,30.950001,31.450001,31.435290999999996,424900.0
ITUB3,2019-12-18,31.450001,31.690001000000002,31.17,31.559998999999998,31.545238,624600.0
ITUB3,2019-12-19,31.59,31.67,31.33,31.65,31.635196999999998,277600.0
ITUB3,2019-12-20,31.469998999999998,31.65,31.389999,31.389999,31.375319,258600.0
ITUB3,2019-12-23,31.700001,31.799999,31.35,31.799999,31.785126,358200.0
ITUB3,2019-12-26,31.799999,32.279999,31.65,32.279999,32.2649,377100.0
ITUB3,2019-12-27,32.279999,32.400002,31.92,31.93,31.915065999999996,136000.0
ITUB3,2019-12-30,32.299999,32.310001,31.92,32.07,32.055,85500.0
ITUB3,2020-01-02,32.18,32.57,31.91,32.400002,32.400002,534200.0
ITUB3,2020-01-03,32.5,32.740002000000004,32.23,32.330002,32.330002,388700.0
ITUB3,2020-01-06,32.790001000000004,32.790001000000004,31.84,32.0,32.0,570500.0
ITUB3,2020-01-07,32.16,32.16,31.32,31.379998999999998,31.379998999999998,596900.0
ITUB3,2020-01-08,31.440001000000002,31.700001,30.9,31.059998999999998,31.059998999999998,621700.0
ITUB3,2020-01-09,31.299999,31.299999,30.049999,30.77,30.77,1177300.0
ITUB3,2020-01-10,31.0,31.0,30.26,30.4,30.4,691500.0
ITUB3,2020-01-13,30.6,30.950001,30.469998999999998,30.85,30.85,227700.0
ABEV3,2019-01-14,17.24,17.66,17.1,17.540001,17.091116,31707300.0
ABEV3,2019-01-15,17.57,17.790001,17.299999,17.700001,17.247021,35536600.0
ABEV3,2019-01-16,17.700001,17.84,17.559998999999998,17.799999,17.34446,19990600.0
ABEV3,2019-01-17,17.68,17.91,17.48,17.85,17.393181,22422400.0
ABEV3,2019-01-18,17.9,18.0,17.620001000000002,18.0,17.539343,21264700.0
ABEV3,2019-01-21,17.93,18.0,17.639999,18.0,17.539343,9103600.0
ABEV3,2019-01-22,17.889999,18.08,17.41,17.540001,17.091116,22633800.0
ABEV3,2019-01-23,17.6,17.620001000000002,17.08,17.18,16.740328,26855900.0
ABEV3,2019-01-24,17.200001,17.299999,16.950001,17.16,16.72084,24197500.0
ABEV3,2019-01-28,17.1,18.0,17.09,17.950001,17.490623,32754800.0
ABEV3,2019-01-29,18.02,18.200001,17.68,17.870001000000002,17.412670000000002,30181400.0
ABEV3,2019-01-30,17.969998999999998,18.200001,17.629998999999998,17.969998999999998,17.510109,19243300.0
ABEV3,2019-01-31,18.0,18.1,17.51,17.51,17.061882,22631500.0
ABEV3,2019-02-01,17.540001,18.110001,17.530001000000002,18.110001,17.646528,19948900.0
ABEV3,2019-02-04,18.07,18.48,17.9,18.450001,17.977826999999998,23329600.0
ABEV3,2019-02-05,18.379998999999998,18.91,18.33,18.639999,18.162962,23156300.0
ABEV3,2019-02-06,18.440001000000002,18.66,18.09,18.09,17.627039,22891100.0
ABEV3,2019-02-07,18.190001000000002,18.870001000000002,18.190001000000002,18.75,18.270149,41426700.0
ABEV3,2019-02-08,18.65,18.98,18.129998999999998,18.219998999999998,17.753712,38093500.0
ABEV3,2019-02-11,18.25,18.74,18.110001,18.709999,18.231171,29145400.0
ABEV3,2019-02-12,18.780001000000002,19.049999,18.6,18.67,18.192196,23990500.0
ABEV3,2019-02-13,18.860001,18.860001,18.299999,18.389999,17.919361,32536700.0
ABEV3,2019-02-14,18.360001,18.67,18.110001,18.59,18.114243,20335700.0
ABEV3,2019-02-15,18.58,18.74,18.4,18.49,18.016802,14836400.0
ABEV3,2019-02-18,18.5,18.51,18.09,18.190001000000002,17.72448,14494400.0
ABEV3,2019-02-19,18.190001000000002,18.57,18.16,18.32,17.851152,16276800.0
ABEV3,2019-02-20,18.309998999999998,18.540001,18.139999,18.15,17.685503,22077800.0
ABEV3,2019-02-21,18.24,18.41,18.15,18.32,17.851152,15038500.0
ABEV3,2019-02-22,18.24,18.32,18.01,18.32,17.851152,22170000.0
ABEV3,2019-02-25,18.299999,18.450001,18.25,18.389999,17.919361,9837900.0
ABEV3,2019-02-26,18.42,18.58,18.299999,18.49,18.016802,12685600.0
ABEV3,2019-02-27,18.43,18.52,18.27,18.360001,17.890129,16915100.0
ABEV3,2019-02-28,18.139999,18.15,17.17,17.23,16.789047,49931300.0
ABEV3,2019-03-01,17.139999,17.23,16.610001,16.76,16.331078,37227300.0
ABEV3,2019-03-06,,,,,,
ABEV3,2019-03-07,16.370001000000002,16.85,16.309998999999998,16.690001000000002,16.262869,20143000.0
ABEV3,2019-03-08,16.59,16.700001,16.4,16.59,16.165428,20486300.0
ABEV3,2019-03-11,16.690001000000002,17.26,16.620001000000002,17.110001,16.672119,24113400.0
ABEV3,2019-03-12,17.200001,17.33,16.879998999999998,17.0,16.564934,19858900.0
ABEV3,2019-03-13,16.98,17.040001,16.74,16.9,16.467493,20265200.0
ABEV3,2019-03-14,16.92,16.92,16.57,16.66,16.233635,20534200.0
ABEV3,2019-03-15,16.66,16.790001,16.49,16.76,16.331078,31836900.0
ABEV3,2019-03-18,16.799999,17.52,16.780001000000002,17.309998999999998,16.867001000000002,31559300.0
ABEV3,2019-03-19,17.27,17.42,17.17,17.190001000000002,16.750072,16625600.0
ABEV3,2019-03-20,17.16,17.299999,17.0,17.0,16.564934,18926100.0
ABEV3,2019-03-21,16.889999,17.27,16.68,16.98,16.545446,35961000.0
ABEV3,2019-03-22,16.700001,16.9,16.52,16.719998999999998,16.292099,33908300.0
ABEV3,2019-03-25,16.65,16.780001000000002,16.43,16.52,16.097219,17569800.0
ABEV3,2019-03-26,16.639999,17.16,16.299999,16.99,16.555191,30804300.0
ABEV3,2019-03-27,16.799999,16.959999,16.450001,16.540001,16.116707,32628900.0
ABEV3,2019-03-28,16.540001,16.940001000000002,16.48,16.75,16.321333,21093200.0
ABEV3,2019-03-29,16.870001000000002,16.969998999999998,16.700001,16.83,16.399283999999998,15839700.0
ABEV3,2019-04-01,16.870001000000002,17.0,16.74,16.82,16.389542000000002,12340900.0
ABEV3,2019-04-02,17.0,17.129998999999998,16.719998999999998,16.77,16.34082,15431100.0
ABEV3,2019-04-03,16.870001000000002,17.120001000000002,16.790001,16.84,16.409029,14753700.0
ABEV3,2019-04-04,16.950001,17.4,16.889999,17.32,16.876745,15281900.0
ABEV3,2019-04-05,17.370001000000002,17.65,17.35,17.440001000000002,16.993675,16184700.0
ABEV3,2019-04-08,17.440001000000002,17.48,17.16,17.35,16.905977,10742400.0
ABEV3,2019-04-09,17.209999,17.690001000000002,17.209999,17.690001000000002,17.237276,25773700.0
ABEV3,2019-04-10,17.700001,17.76,17.379998999999998,17.549999,17.100859,20199100.0
ABEV3,2019-04-11,17.51,17.639999,17.209999,17.25,16.808537,15229900.0
ABEV3,2019-04-12,17.059998999999998,17.5,17.0,17.059998999999998,16.623398,29774300.0
ABEV3,2019-04-15,17.200001,17.42,17.09,17.42,16.974186,18868300.0
ABEV3,2019-04-16,17.379998999999998,17.67,17.34,17.530001000000002,17.081371,13454300.0
ABEV3,2019-04-17,17.690001000000002,17.690001000000002,16.959999,17.049999,16.613654999999998,31512000.0
ABEV3,2019-04-18,17.200001,17.200001,16.860001,17.08,16.642886999999998,21532200.0
ABEV3,2019-04-22,17.08,17.559998999999998,16.940001000000002,17.5,17.052139,19577100.0
ABEV3,2019-04-23,17.559998999999998,17.93,17.549999,17.67,17.217789,13912000.0
ABEV3,2019-04-24,17.700001,17.780001000000002,17.33,17.719998999999998,17.266507999999998,21919500.0
ABEV3,2019-04-25,17.629998999999998,18.33,17.6,18.309998999999998,17.841407999999998,29435300.0
ABEV3,2019-04-26,18.200001,18.370001000000002,18.049999,18.290001,17.821922,14151100.0
ABEV3,2019-04-29,18.299999,18.49,18.219998999999998,18.35,17.880385999999998,15043300.0
ABEV3,2019-04-30,18.379998999999998,18.540001,18.209999,18.469998999999998,17.997313000000002,25093600.0
ABEV3,2019-05-02,18.26,18.530001000000002,17.950001,17.950001,17.490623,23174500.0
ABEV3,2019-05-03,18.030001000000002,18.1,17.73,17.92,17.461389999999998,21902300.0
ABEV3,2019-05-06,17.700001,18.190001000000002,17.57,18.059998999999998,17.597807,16137000.0
ABEV3,2019-05-07,18.200001,18.23,17.24,17.65,17.198299,43377300.0
ABEV3,2019-05-08,17.799999,17.99,17.639999,17.92,17.461389999999998,35491400.0
ABEV3,2019-05-09,17.75,17.83,17.43,17.49,17.042395000000003,20651100.0
ABEV3,2019-05-10,17.5,17.530001000000002,17.17,17.299999,16.857256,15438500.0
ABEV3,2019-05-13,17.0,17.190001000000002,16.92,17.01,16.574678,24573100.0
ABEV3,2019-05-14,17.059998999999998,17.15,16.76,16.940001000000002,16.50647,18510000.0
ABEV3,2019-05-15,16.719998999999998,16.82,16.559998999999998,16.610001,16.184916,26326100.0
ABEV3,2019-05-16,16.5,16.77,16.35,16.639999,16.214148,27881900.0
ABEV3,2019-05-17,16.540001,16.969998999999998,16.450001,16.49,16.067985999999998,25763700.0
ABEV3,2019-05-20,16.59,16.709999,16.4,16.49,16.067985999999998,43284300.0
ABEV3,2019-05-21,16.700001,17.23,16.610001,17.09,16.652632,31103500.0
ABEV3,2019-05-22,17.17,17.34,16.969998999999998,17.209999,16.769560000000002,16255100.0
ABEV3,2019-05-23,17.18,17.389999,17.07,17.209999,16.769560000000002,12687200.0
ABEV3,2019-05-24,17.26,17.34,16.860001,17.059998999999998,16.623398,15540300.0
ABEV3,2019-05-27,17.1,17.34,17.049999,17.219998999999998,16.779304999999997,6924700.0
ABEV3,2019-05-28,17.290001,17.549999,17.18,17.309998999999998,16.867001000000002,40302300.0
ABEV3,2019-05-29,17.32,17.48,17.17,17.26,16.818281,17718300.0
ABEV3,2019-05-30,17.219998999999998,17.530001000000002,17.219998999999998,17.43,16.983931,14045800.0
ABEV3,2019-05-31,17.389999,17.6,17.280001000000002,17.549999,17.100859,23080800.0
ABEV3,2019-06-03,17.6,17.629998999999998,17.309998999999998,17.42,16.974186,18578500.0
ABEV3,2019-06-04,17.49,17.540001,17.219998999999998,17.35,16.905977,16407200.0
ABEV3,2019-06-05,17.389999,17.549999,17.360001,17.41,16.964441,13357100.0
ABEV3,2019-06-06,17.6,17.75,17.49,17.639999,17.188554999999997,10219400.0
ABEV3,2019-06-07,17.700001,17.780001000000002,17.58,17.610001,17.159325,11447300.0
ABEV3,2019-06-10,17.610001,17.9,17.6,17.65,17.198299,14089900.0
ABEV3,2019-06-11,17.68,17.950001,17.59,17.719998999999998,17.266507999999998,24719200.0
ABEV3,2019-06-12,17.719998999999998,17.790001,17.43,17.68,17.227531,21035200.0
ABEV3,2019-06-13,17.700001,17.959999,17.690001000000002,17.85,17.393181,17586300.0
ABEV3,2019-06-14,17.860001,18.040001,17.6,17.639999,17.188554999999997,15962500.0
ABEV3,2019-06-17,17.610001,17.91,17.5,17.799999,17.34446,18256700.0
ABEV3,2019-06-18,17.85,18.07,17.82,18.049999,17.588062,13201000.0
ABEV3,2019-06-19,18.049999,18.360001,17.98,18.200001,17.734223999999998,23446200.0
ABEV3,2019-06-21,18.280001000000002,18.58,18.280001000000002,18.450001,17.977826999999998,28297900.0
ABEV3,2019-06-24,18.440001000000002,18.5,18.299999,18.299999,17.831663,14143300.0
ABEV3,2019-06-25,18.33,18.42,18.08,18.17,17.704992,19199900.0
ABEV3,2019-06-26,18.190001000000002,18.27,17.98,18.1,17.636784,15422800.0
ABEV3,2019-06-27,17.969998999999998,18.049999,17.809998999999998,18.049999,17.588062,12537000.0
ABEV3,2019-06-28,18.16,18.200001,17.780001000000002,17.889999,17.432157999999998,17249500.0
ABEV3,2019-07-01,18.1,18.110001,17.690001000000002,17.809998999999998,17.354204,16148600.0
ABEV3,2019-07-02,17.799999,18.25,17.77,18.129998999999998,17.666014,15780800.0
ABEV3,2019-07-03,18.02,18.99,18.01,18.84,18.357845,40587600.0
ABEV3,2019-07-04,18.950001,19.17,18.889999,19.0,18.51375,15014400.0
ABEV3,2019-07-05,18.969998999999998,19.07,18.68,19.0,18.51375,22139900.0
ABEV3,2019-07-08,19.040001,19.18,18.76,18.940001000000002,18.455285999999997,18757800.0
ABEV3,2019-07-10,18.950001,19.24,18.82,19.02,18.533239000000002,33415700.0
ABEV3,2019-07-11,19.07,19.18,18.6,18.690001000000002,18.211685,18302600.0
ABEV3,2019-07-12,18.700001,18.700001,18.1,18.200001,17.734223999999998,31136800.0
ABEV3,2019-07-15,18.4,18.41,18.1,18.25,17.782944,16291700.0
ABEV3,2019-07-16,18.25,18.370001000000002,18.030001000000002,18.1,17.636784,9964700.0
ABEV3,2019-07-17,18.139999,18.200001,17.93,17.99,17.529598,10416500.0
ABEV3,2019-07-18,18.030001000000002,18.299999,17.92,18.25,17.782944,11537900.0
ABEV3,2019-07-19,18.23,18.52,18.049999,18.09,17.627039,15923300.0
ABEV3,2019-07-22,18.07,18.25,17.85,17.99,17.529598,12533800.0
ABEV3,2019-07-23,18.0,18.27,17.959999,18.030001000000002,17.568575,15130100.0
ABEV3,2019-07-24,18.190001000000002,18.219998999999998,17.940001000000002,17.959999,17.500364,11971400.0
ABEV3,2019-07-25,19.0,19.719998999999998,18.76,19.49,18.991209,75250600.0
ABEV3,2019-07-26,19.49,19.969998999999998,19.450001,19.799999,19.293276000000002,35478100.0
ABEV3,2019-07-29,19.799999,20.68,19.68,20.5,19.975363,36618000.0
ABEV3,2019-07-30,20.32,20.77,20.25,20.34,19.819457999999997,24255200.0
ABEV3,2019-07-31,20.309998999999998,20.41,19.84,20.129998999999998,19.614829999999998,27074600.0
ABEV3,2019-08-01,20.16,20.700001,20.16,20.42,19.897409,26961600.0
ABEV3,2019-08-02,20.41,20.620001000000002,20.33,20.49,19.965618,15526900.0
ABEV3,2019-08-05,20.15,20.41,20.08,20.16,19.644064,20704700.0
ABEV3,2019-08-06,20.17,20.58,20.08,20.48,19.955873,21755600.0
ABEV3,2019-08-07,20.190001000000002,20.719998999999998,20.129998999999998,20.629998999999998,20.102034,18799000.0
ABEV3,2019-08-08,20.049999,20.42,19.940001000000002,20.17,19.653809,47777900.0
ABEV3,2019-08-09,20.17,20.200001,19.93,20.07,19.556366,18921100.0
ABEV3,2019-08-12,19.77,19.77,19.27,19.48,18.981466,26937600.0
ABEV3,2019-08-13,19.32,19.6,19.280001000000002,19.379998999999998,18.884024,21165200.0
ABEV3,2019-08-14,19.299999,19.370001000000002,18.84,19.01,18.523495,27713200.0
ABEV3,2019-08-15,19.059998999999998,19.15,18.58,18.780001000000002,18.299381,21761100.0
ABEV3,2019-08-16,18.92,18.950001,18.66,18.9,18.416309,17271500.0
ABEV3,2019-08-19,19.0,19.24,18.91,19.110001,18.620935,16230300.0
ABEV3,2019-08-20,19.049999,19.07,18.84,18.940001000000002,18.455285999999997,15670100.0
ABEV3,2019-08-21,19.15,19.190001000000002,18.75,18.799999,18.318869,17575900.0
ABEV3,2019-08-22,18.92,18.92,18.280001000000002,18.469998999999998,17.997313000000002,26247200.0
ABEV3,2019-08-23,18.290001,18.709999,18.030001000000002,18.33,17.860897,28288000.0
ABEV3,2019-08-26,18.459999,18.530001000000002,17.959999,18.09,17.627039,16632700.0
ABEV3,2019-08-27,18.16,18.370001000000002,17.91,18.17,17.704992,31854400.0
ABEV3,2019-08-28,18.01,18.200001,17.969998999999998,18.15,17.685503,15473700.0
ABEV3,2019-08-29,18.07,18.58,18.02,18.549999,18.075266,16894600.0
ABEV3,2019-08-30,18.620001000000002,18.889999,18.57,18.719998999999998,18.240915,22981700.0
ABEV3,2019-09-02,18.719998999999998,18.92,18.379998999999998,18.379998999999998,17.909616,8064200.0
ABEV3,2019-09-03,18.34,18.85,18.26,18.52,18.046035999999997,20597800.0
ABEV3,2019-09-04,18.74,18.860001,18.57,18.799999,18.318869,15174900.0
ABEV3,2019-09-05,18.9,19.0,18.690001000000002,18.690001000000002,18.211685,15042800.0
ABEV3,2019-09-06,18.83,18.879998999999998,18.58,18.719998999999998,18.240915,13073200.0
ABEV3,2019-09-09,18.790001,18.91,18.66,18.870001000000002,18.387076999999998,11456600.0
ABEV3,2019-09-10,18.870001000000002,19.120001000000002,18.73,18.82,18.338356,23425400.0
ABEV3,2019-09-11,18.9,19.280001000000002,18.719998999999998,18.91,18.426054,28800600.0
ABEV3,2019-09-12,19.1,19.49,19.01,19.370001000000002,18.874283,22002000.0
ABEV3,2019-09-13,19.35,19.48,18.959999,19.1,18.611191,16045800.0
ABEV3,2019-09-16,19.059998999999998,19.23,18.93,19.15,18.65991,14858800.0
ABEV3,2019-09-17,19.030001000000002,19.5,19.030001000000002,19.43,18.932747,16934100.0
ABEV3,2019-09-18,19.360001,19.450001,19.15,19.26,18.767097,18071900.0
ABEV3,2019-09-19,19.48,19.6,19.200001,19.35,18.854794000000002,31691000.0
ABEV3,2019-09-20,19.43,19.469998999999998,19.1,19.389999,18.893767999999998,32308600.0
ABEV3,2019-09-23,19.24,19.540001,19.23,19.41,18.913258,13285800.0
ABEV3,2019-09-24,19.469998999999998,19.51,19.129998999999998,19.35,18.854794000000002,16081600.0
ABEV3,2019-09-25,19.25,19.629998999999998,19.25,19.6,19.098395999999997,15272500.0
ABEV3,2019-09-26,19.57,19.76,19.379998999999998,19.530001000000002,19.030188,33348400.0
ABEV3,2019-09-27,19.559998999999998,19.67,19.309998999999998,19.450001,18.952234,12432300.0
ABEV3,2019-09-30,19.530001000000002,19.559998999999998,19.17,19.25,18.757353,21606700.0
ABEV3,2019-10-01,19.299999,19.459999,19.110001,19.309998999999998,18.815817000000003,24459600.0
ABEV3,2019-10-02,19.209999,19.290001,18.75,18.860001,18.377335000000002,17900100.0
ABEV3,2019-10-03,18.799999,18.85,18.469998999999998,18.58,18.1045,19307100.0
ABEV3,2019-10-04,18.59,19.370001000000002,18.5,19.209999,18.718374,35765000.0
ABEV3,2019-10-07,19.209999,19.280001000000002,18.780001000000002,18.870001000000002,18.387076999999998,17635100.0
ABEV3,2019-10-08,18.84,18.860001,18.49,18.6,18.123987,19185600.0
ABEV3,2019-10-09,18.700001,18.84,18.540001,18.67,18.192196,13310500.0
ABEV3,2019-10-10,18.620001000000002,18.74,18.290001,18.42,17.948593,23781900.0
ABEV3,2019-10-11,18.540001,18.85,18.459999,18.58,18.1045,18950100.0
ABEV3,2019-10-14,18.690001000000002,18.77,18.530001000000002,18.719998999999998,18.240915,7716500.0
ABEV3,2019-10-15,18.719998999999998,19.040001,18.68,18.889999,18.406565,12359100.0
ABEV3,2019-10-16,19.049999,19.049999,18.690001000000002,18.889999,18.406565,22029700.0
ABEV3,2019-10-17,18.940001000000002,18.969998999999998,18.73,18.77,18.289637,12012200.0
ABEV3,2019-10-18,18.83,18.879998999999998,18.540001,18.67,18.192196,10737900.0
ABEV3,2019-10-21,18.6,19.0,18.6,18.99,18.504005,21747300.0
ABEV3,2019-10-22,18.870001000000002,19.17,18.709999,18.77,18.289637,23053700.0
ABEV3,2019-10-23,18.75,18.85,18.58,18.68,18.201941,23271200.0
ABEV3,2019-10-24,18.719998999999998,19.34,18.610001,19.190001000000002,18.698889,42853200.0
ABEV3,2019-10-25,17.9,18.24,17.58,17.6,17.14958,82318800.0
ABEV3,2019-10-28,17.790001,17.92,17.309998999999998,17.540001,17.091116,29041200.0
ABEV3,2019-10-29,17.530001000000002,17.75,17.370001000000002,17.58,17.130091,28627500.0
ABEV3,2019-10-30,17.610001,17.65,17.33,17.559998999999998,17.110603,15607300.0
ABEV3,2019-10-31,17.469998999999998,17.65,17.35,17.379998999999998,16.935209,20426500.0
ABEV3,2019-11-01,17.450001,17.51,17.26,17.33,16.88649,14655000.0
ABEV3,2019-11-04,17.35,17.67,17.299999,17.57,17.120345999999998,12268600.0
ABEV3,2019-11-05,17.59,17.77,17.469998999999998,17.709999,17.256763,16763700.0
ABEV3,2019-11-06,17.6,17.790001,17.35,17.52,17.071627,10565900.0
ABEV3,2019-11-07,17.59,17.67,17.440001000000002,17.559998999999998,17.110603,13188400.0
ABEV3,2019-11-08,17.450001,17.559998999999998,17.18,17.299999,16.857256,15252400.0
ABEV3,2019-11-11,17.280001000000002,17.639999,17.219998999999998,17.540001,17.091116,11838200.0
ABEV3,2019-11-12,17.4,17.530001000000002,17.25,17.370001000000002,16.925467,14096800.0
ABEV3,2019-11-13,17.370001000000002,17.450001,17.25,17.370001000000002,16.925467,11332700.0
ABEV3,2019-11-14,17.370001000000002,17.610001,17.309998999999998,17.450001,17.003418,18222200.0
ABEV3,2019-11-18,17.59,17.68,17.42,17.559998999999998,17.110603,9445200.0
ABEV3,2019-11-19,17.610001,17.73,17.41,17.67,17.217789,9754500.0
ABEV3,2019-11-21,17.83,18.07,17.67,18.07,17.607552,19540600.0
ABEV3,2019-11-22,18.02,18.290001,17.940001000000002,18.190001000000002,17.72448,17014400.0
ABEV3,2019-11-25,18.190001000000002,18.299999,18.02,18.200001,17.734223999999998,7860100.0
ABEV3,2019-11-26,18.110001,18.18,17.719998999999998,18.030001000000002,17.568575,32541200.0
ABEV3,2019-11-27,17.950001,18.15,17.76,17.959999,17.500364,8765700.0
ABEV3,2019-11-28,17.959999,18.129998999999998,17.879998999999998,18.01,17.549088,5109500.0
ABEV3,2019-11-29,18.1,18.15,17.85,18.049999,17.588062,8325200.0
ABEV3,2019-12-02,18.049999,18.16,17.889999,17.969998999999998,17.510109,10259800.0
ABEV3,2019-12-03,18.1,18.1,17.75,17.870001000000002,17.412670000000002,97511800.0
ABEV3,2019-12-04,18.0,18.530001000000002,17.950001,18.299999,17.831663,21779200.0
ABEV3,2019-12-05,18.280001000000002,18.35,18.1,18.15,17.685503,34121900.0
ABEV3,2019-12-06,18.209999,18.530001000000002,18.15,18.450001,17.977826999999998,19544400.0
ABEV3,2019-12-09,18.450001,18.5,18.24,18.440001000000002,17.968082,13479000.0
ABEV3,2019-12-10,18.389999,18.57,18.290001,18.370001000000002,17.899874,14715500.0
ABEV3,2019-12-11,18.459999,18.5,18.26,18.450001,17.977826999999998,29652200.0
ABEV3,2019-12-12,18.469998999999998,18.780001000000002,18.43,18.700001,18.221428,17463900.0
ABEV3,2019-12-13,18.799999,19.030001000000002,18.790001,19.01,18.523495,15663000.0
ABEV3,2019-12-16,19.02,19.27,19.01,19.08,18.591703,17117700.0
ABEV3,2019-12-17,19.15,19.299999,18.889999,18.91,18.426054,14087800.0
ABEV3,2019-12-18,18.959999,19.190001000000002,18.84,19.09,18.601448,31759400.0
ABEV3,2019-12-19,19.09,19.17,18.959999,19.17,18.679399,27270600.0
ABEV3,2019-12-20,18.620001000000002,19.01,18.52,18.91,18.91,25816100.0
ABEV3,2019-12-23,19.01,19.08,18.780001000000002,18.959999,18.959999,16331900.0
ABEV3,2019-12-26,18.959999,19.25,18.83,19.219998999999998,19.219998999999998,20726100.0
ABEV3,2019-12-27,19.25,19.34,19.120001000000002,19.27,19.27,6670700.0
ABEV3,2019-12-30,19.200001,19.35,18.99,19.01,19.01,8060300.0
ABEV3,2020-01-02,18.860001,19.25,18.780001000000002,19.129998999999998,19.129998999999998,10332300.0
ABEV3,2020-01-03,18.950001,19.16,18.889999,18.93,18.93,20059000.0
ABEV3,2020-01-06,18.860001,19.17,18.690001000000002,19.02,19.02,14644300.0
ABEV3,2020-01-07,19.049999,19.23,18.860001,19.059998999999998,19.059998999999998,18036600.0
ABEV3,2020-01-08,19.09,19.16,18.860001,18.969998999999998,18.969998999999998,14051700.0
ABEV3,2020-01-09,19.0,19.08,18.51,18.82,18.82,21199500.0
ABEV3,2020-01-10,18.82,19.040001,18.77,18.889999,18.889999,11697800.0
ABEV3,2020-01-13,18.93,19.35,18.91,19.25,19.25,12168300.0
BBAS3,2019-01-14,48.700001,49.830002,48.5,49.830002,46.774124,8974400.0
BBAS3,2019-01-15,49.529999,49.939999,48.970001,49.25,46.229694,9243100.0
BBAS3,2019-01-16,49.349998,49.419998,48.669998,48.779999,45.788513,6674700.0
BBAS3,2019-01-17,48.84,49.490002000000004,48.400002,48.959998999999996,45.957478,12979300.0
BBAS3,2019-01-18,49.009997999999996,49.43,48.549999,48.549999,45.572617,13081700.0
BBAS3,2019-01-21,48.619999,48.75,47.700001,48.290001000000004,45.328568,8299600.0
BBAS3,2019-01-22,48.400002,48.919998,47.93,48.200001,45.244083,10193300.0
BBAS3,2019-01-23,48.450001,49.419998,48.200001,49.200001,46.182758,10197300.0
BBAS3,2019-01-24,49.189999,49.57,48.75,48.950001,45.94809,9903400.0
BBAS3,2019-01-28,48.0,49.220001,48.0,48.32,45.356728000000004,8400800.0
BBAS3,2019-01-29,49.0,49.93,48.59,49.93,46.867992,12203700.0
BBAS3,2019-01-30,50.0,50.580002,49.470001,50.580002,47.478127,8550100.0
BBAS3,2019-01-31,51.0,52.75,50.889998999999996,51.860001000000004,48.679629999999996,15088300.0
BBAS3,2019-02-01,51.560001,52.110001000000004,51.209998999999996,52.110001000000004,48.914299,8604100.0
BBAS3,2019-02-04,51.720001,53.459998999999996,51.299999,53.099998,49.843586,7739600.0
BBAS3,2019-02-05,52.650002,54.650002,52.650002,54.650002,51.298527,11426700.0
BBAS3,2019-02-06,53.849998,53.919998,51.32,51.32,48.172745,16436900.0
BBAS3,2019-02-07,52.0,52.759997999999996,50.099998,51.66,48.491890000000005,15667000.0
BBAS3,2019-02-08,51.549999,52.759997999999996,50.91,51.73,48.557598,10047300.0
BBAS3,2019-02-11,52.0,52.169998,50.200001,50.200001,47.121433,9468000.0
BBAS3,2019-02-12,50.82,53.470001,50.799999,53.290001000000004,50.021935,18333100.0
BBAS3,2019-02-13,53.290001000000004,53.75,51.650002,52.080002,48.886146999999994,14744400.0
BBAS3,2019-02-14,53.200001,54.98,52.080002,54.740002000000004,51.383010999999996,27857700.0
BBAS3,2019-02-15,54.700001,55.48,54.27,54.810001,51.448715,12532600.0
BBAS3,2019-02-18,54.360001000000004,54.779999,53.529999,54.27,50.941837,8809400.0
BBAS3,2019-02-19,54.43,55.91,54.32,54.5,51.15773,13553400.0
BBAS3,2019-02-20,55.279999,55.52,52.959998999999996,52.959998999999996,49.712165999999996,16672300.0
BBAS3,2019-02-21,53.450001,53.889998999999996,52.900002,53.200001,49.937458,10342700.0
BBAS3,2019-02-22,53.200001,53.5,52.580002,53.09,50.394882,7260200.0
BBAS3,2019-02-25,53.669998,53.77,52.200001,52.220001,49.569046,10139000.0
BBAS3,2019-02-26,52.299999,52.919998,52.0,52.5,49.834831,7287300.0
BBAS3,2019-02-27,52.470001,52.689999,51.849998,51.900002,49.265289,6269600.0
BBAS3,2019-02-28,52.0,52.139998999999996,50.52,50.599998,48.031284,11046200.0
BBAS3,2019-03-01,50.759997999999996,51.509997999999996,50.66,51.310001,48.705246,9272200.0
BBAS3,2019-03-06,,,,,,
BBAS3,2019-03-07,50.599998,50.950001,50.150002,50.43,48.426895,8474400.0
BBAS3,2019-03-08,50.27,52.349998,49.82,52.200001,50.126591,8093300.0
BBAS3,2019-03-11,52.34,53.799999,52.330002,53.799999,51.663044,11535700.0
BBAS3,2019-03-12,53.470001,53.790001000000004,52.389998999999996,53.34,51.370391999999995,8029400.0
BBAS3,2019-03-13,53.200001,54.560001,52.91,54.16,52.160109999999996,9579100.0
BBAS3,2019-03-14,54.0,54.099998,52.900002,53.75,51.765251,8135600.0
BBAS3,2019-03-15,53.700001,54.290001000000004,53.490002000000004,54.209998999999996,52.208259999999996,12714800.0
BBAS3,2019-03-18,54.560001,54.599998,53.700001,53.799999,51.8134,12096900.0
BBAS3,2019-03-19,54.0,54.049999,52.529999,52.650002,50.705868,8459700.0
BBAS3,2019-03-20,52.689999,52.880001,51.470001,51.470001,49.569435,13314100.0
BBAS3,2019-03-21,51.57,51.720001,49.669998,50.389998999999996,48.529315999999994,15800000.0
BBAS3,2019-03-22,49.279999,49.290001000000004,47.5,47.650002,45.890495,22882400.0
BBAS3,2019-03-25,47.380001,48.830002,47.0,47.990002000000004,46.217937,13670300.0
BBAS3,2019-03-26,48.950001,49.25,47.77,49.119999,47.30621,11781700.0
BBAS3,2019-03-27,48.25,48.25,46.400002,46.400002,44.686657000000004,19072500.0
BBAS3,2019-03-28,46.970001,48.720001,46.450001,48.02,46.246829999999996,21866400.0
BBAS3,2019-03-29,48.700001,49.369999,48.25,48.720001,46.920982,10937100.0
BBAS3,2019-04-01,49.389998999999996,49.720001,48.900002,49.200001,47.383255,7395200.0
BBAS3,2019-04-02,49.5,49.810001,48.709998999999996,48.77,46.969131,10032300.0
BBAS3,2019-04-03,49.419998,49.75,47.900002,48.25,46.468334000000006,18510800.0
BBAS3,2019-04-04,48.700001,49.200001,47.849998,48.830002,47.026924,11552000.0
BBAS3,2019-04-05,49.07,49.650002,48.73,49.110001000000004,47.296585,7189400.0
BBAS3,2019-04-08,49.09,49.34,48.639998999999996,49.189999,47.373627,6250300.0
BBAS3,2019-04-09,48.889998999999996,48.889998999999996,47.91,48.450001,46.660957,8004200.0
BBAS3,2019-04-10,48.84,49.080002,48.169998,48.810001,47.007659999999994,8053700.0
BBAS3,2019-04-11,48.709998999999996,48.970001,47.959998999999996,48.349998,46.564644,8555100.0
BBAS3,2019-04-12,46.849998,48.349998,46.299999,46.73,45.004463,17500900.0
BBAS3,2019-04-15,47.299999,47.77,46.16,46.860001000000004,45.129669,12785800.0
BBAS3,2019-04-16,46.950001,48.200001,46.5,47.830002,46.06385,13271400.0
BBAS3,2019-04-17,48.099998,48.669998,46.849998,47.200001,45.457111,20089500.0
BBAS3,2019-04-18,47.66,49.200001,47.52,48.849998,47.046181,16539800.0
BBAS3,2019-04-22,48.779999,48.779999,48.02,48.34,46.555015999999995,6259800.0
BBAS3,2019-04-23,48.98,49.349998,48.669998,49.310001,47.489193,7663900.0
BBAS3,2019-04-24,49.18,49.330002,47.950001,48.310001,46.526119,10410400.0
BBAS3,2019-04-25,48.119999,49.189999,47.759997999999996,49.099998,47.286949,9829500.0
BBAS3,2019-04-26,49.0,49.560001,48.700001,49.349998,47.527718,8634100.0
BBAS3,2019-04-29,49.599998,50.299999,48.450001,49.369999,47.546982,16781300.0
BBAS3,2019-04-30,49.560001,49.860001000000004,49.139998999999996,49.68,47.845535,8149000.0
BBAS3,2019-05-02,49.299999,49.900002,49.080002,49.790001000000004,47.951473,8547800.0
BBAS3,2019-05-03,49.91,50.240002000000004,49.75,50.080002,48.230762,8131400.0
BBAS3,2019-05-06,49.470001,49.669998,49.18,49.369999,47.546982,6314800.0
BBAS3,2019-05-07,49.080002,49.68,48.220001,49.490002000000004,47.662552000000005,10846100.0
BBAS3,2019-05-08,49.5,50.84,49.5,50.59,48.721931,14459600.0
BBAS3,2019-05-09,50.91,51.259997999999996,50.119999,51.029999,49.145679,15377500.0
BBAS3,2019-05-10,51.099998,51.189999,49.860001000000004,50.16,48.307812,8975300.0
BBAS3,2019-05-13,48.709998999999996,49.389998999999996,48.34,48.369999,46.583908,10248300.0
BBAS3,2019-05-14,48.900002,48.98,47.560001,47.900002,46.131264,9642400.0
BBAS3,2019-05-15,47.5,47.619999,46.630001,47.110001000000004,45.370438,10443800.0
BBAS3,2019-05-16,46.799999,46.849998,45.41,45.639998999999996,43.954712,14672800.0
BBAS3,2019-05-17,45.450001,46.459998999999996,44.549999,44.849998,43.193882,14360100.0
BBAS3,2019-05-20,45.150002,46.84,44.91,46.57,44.850372,13086100.0
BBAS3,2019-05-21,46.91,49.380001,46.91,49.23,47.412147999999995,14208300.0
BBAS3,2019-05-22,49.299999,49.5,48.400002,48.82,47.416847,8206200.0
BBAS3,2019-05-23,48.57,49.360001000000004,48.27,48.900002,47.494553,8934600.0
BBAS3,2019-05-24,49.380001,49.799999,49.049999,49.619999,48.193855,9273900.0
BBAS3,2019-05-27,49.990002000000004,50.98,49.990002000000004,50.59,49.135979,7641500.0
BBAS3,2019-05-28,50.689999,51.849998,50.459998999999996,51.25,49.777008,15991100.0
BBAS3,2019-05-29,50.93,51.68,50.630001,51.200001,49.728443,11061200.0
BBAS3,2019-05-30,51.099998,52.0,51.060001,51.950001,50.456894,9018800.0
BBAS3,2019-05-31,51.700001,52.580002,51.130001,51.849998,50.359764,10164600.0
BBAS3,2019-06-03,52.220001,52.549999,51.650002,52.09,50.592869,7692400.0
BBAS3,2019-06-04,52.299999,52.939999,52.02,52.939999,51.418438,11404900.0
BBAS3,2019-06-05,52.860001000000004,52.939999,51.189999,51.48,50.000397,9256500.0
BBAS3,2019-06-06,52.07,52.860001000000004,51.450001,52.790001000000004,51.272743,7979900.0
BBAS3,2019-06-07,52.91,53.119999,52.360001000000004,52.360001000000004,50.855106,6909100.0
BBAS3,2019-06-10,52.049999,52.200001,50.970001,51.869999,50.379185,9141300.0
BBAS3,2019-06-11,52.400002,52.900002,51.84,52.900002,51.379589,13132800.0
BBAS3,2019-06-12,52.880001,53.0,51.919998,52.259997999999996,50.922641999999996,8819600.0
BBAS3,2019-06-13,52.25,52.669998,51.27,51.43,50.11388,15531800.0
BBAS3,2019-06-14,51.34,51.5,49.939999,50.52,49.227169,13100600.0
BBAS3,2019-06-17,50.380001,51.049999,50.139998999999996,50.470001,49.178452,6846000.0
BBAS3,2019-06-18,50.849998,52.049999,50.779999,51.650002,50.328255,12212600.0
BBAS3,2019-06-19,51.5,52.5,51.110001000000004,52.5,51.156498,7964300.0
BBAS3,2019-06-21,52.599998,53.5,52.599998,52.91,51.556007,14645400.0
BBAS3,2019-06-24,52.990002000000004,53.900002,52.639998999999996,53.040001000000004,51.682678,9033600.0
BBAS3,2019-06-25,52.799999,53.599998,52.25,52.549999,51.205219,15682100.0
BBAS3,2019-06-26,52.98,53.73,52.700001,53.689999,52.316044,13012300.0
BBAS3,2019-06-27,53.200001,54.169998,52.939999,53.799999,52.423233,13513800.0
BBAS3,2019-06-28,54.279999,54.279999,53.349998,53.939999,52.559647,14197400.0
BBAS3,2019-07-01,54.560001,54.669998,53.509997999999996,53.880001,52.501186,8283200.0
BBAS3,2019-07-02,53.720001,54.25,52.77,53.189999,51.828838,10586200.0
BBAS3,2019-07-03,53.400002,54.299999,52.529999,54.299999,52.910435,11861800.0
BBAS3,2019-07-04,54.790001000000004,55.18,54.68,55.18,53.767920999999994,9167100.0
BBAS3,2019-07-05,55.0,55.369999,54.32,55.0,53.592521999999995,9391600.0
BBAS3,2019-07-08,55.189999,55.349998,54.82,54.950001,53.543804,6567500.0
BBAS3,2019-07-10,55.599998,55.700001,53.790001000000004,54.259997999999996,52.87146,12529600.0
BBAS3,2019-07-11,54.130001,54.130001,52.810001,53.200001,51.838589,14656000.0
BBAS3,2019-07-12,53.52,53.619999,51.799999,52.0,50.669292,12738500.0
BBAS3,2019-07-15,52.209998999999996,52.389998999999996,51.060001,51.689999,50.367222,10708500.0
BBAS3,2019-07-16,52.0,52.189999,51.509997999999996,51.77,50.445183,10351100.0
BBAS3,2019-07-17,51.799999,52.169998,51.509997999999996,51.779999,50.454921999999996,6912500.0
BBAS3,2019-07-18,51.970001,53.25,51.869999,52.66,51.312405,12461000.0
BBAS3,2019-07-19,52.25,52.950001,52.0,52.0,50.669292,8849700.0
BBAS3,2019-07-22,52.48,52.66,51.970001,52.009997999999996,50.679039,6388400.0
BBAS3,2019-07-23,52.27,52.380001,51.400002,51.400002,50.084652,12670600.0
BBAS3,2019-07-24,51.560001,52.650002,51.470001,52.330002,50.990849,15387500.0
BBAS3,2019-07-25,52.380001,52.52,50.060001,50.119999,48.837399,17712000.0
BBAS3,2019-07-26,50.799999,50.810001,49.93,50.0,48.720473999999996,8108800.0
BBAS3,2019-07-29,50.150002,50.639998999999996,49.82,50.450001,49.158958,5092200.0
BBAS3,2019-07-30,50.220001,50.700001,49.110001000000004,49.939999,48.662009999999995,9245000.0
BBAS3,2019-07-31,50.099998,50.200001,49.200001,49.220001,47.960438,11333700.0
BBAS3,2019-08-01,49.799999,50.470001,48.689999,48.75,47.502468,14858500.0
BBAS3,2019-08-02,48.75,49.349998,48.0,48.759997999999996,47.512207000000004,8303900.0
BBAS3,2019-08-05,47.740002000000004,48.759997999999996,47.419998,47.849998,46.625492,8485400.0
BBAS3,2019-08-06,48.490002000000004,49.07,48.209998999999996,48.5,47.258862,8574100.0
BBAS3,2019-08-07,48.299999,48.779999,47.549999,48.450001,47.21014,11418500.0
BBAS3,2019-08-08,49.639998999999996,49.68,48.470001,48.799999,47.551182,12180400.0
BBAS3,2019-08-09,48.860001000000004,49.18,48.299999,48.650002,47.405025,8307100.0
BBAS3,2019-08-12,47.709998999999996,47.799999,46.959998999999996,47.0,45.797249,10649600.0
BBAS3,2019-08-13,46.939999,48.25,46.790001000000004,47.549999,46.333176,9635700.0
BBAS3,2019-08-14,46.950001,47.07,45.689999,45.889998999999996,44.715652,11501500.0
BBAS3,2019-08-15,46.150002,46.639998999999996,45.25,45.849998,44.676674,10846200.0
BBAS3,2019-08-16,46.349998,46.549999,45.349998,45.73,44.559746000000004,9747600.0
BBAS3,2019-08-19,46.0,46.689999,44.73,44.830002,43.682777,10455600.0
BBAS3,2019-08-20,45.02,45.18,44.07,44.790001000000004,43.643806,6599800.0
BBAS3,2019-08-21,45.869999,47.459998999999996,45.740002000000004,47.349998,46.138290000000005,13650300.0
BBAS3,2019-08-22,47.400002,47.560001,46.380001,46.650002,45.888588,7532600.0
BBAS3,2019-08-23,46.099998,46.540001000000004,44.720001,44.950001,44.216335,13059000.0
BBAS3,2019-08-26,45.380001,45.700001,43.759997999999996,44.740002000000004,44.009766,6997400.0
BBAS3,2019-08-27,45.349998,45.599998,43.439999,44.380001,43.655640000000005,12602900.0
BBAS3,2019-08-28,43.959998999999996,44.299999,43.639998999999996,44.009997999999996,43.291676,8452100.0
BBAS3,2019-08-29,44.209998999999996,45.220001,44.029999,45.080002,44.344215000000005,8744900.0
BBAS3,2019-08-30,45.18,46.560001,45.09,46.240002000000004,45.485283,11986000.0
BBAS3,2019-09-02,46.240002000000004,46.790001000000004,45.400002,45.650002,44.904911,5389200.0
BBAS3,2019-09-03,45.400002,46.32,44.619999,44.799999,44.068783,11078700.0
BBAS3,2019-09-04,45.380001,45.93,44.98,45.860001000000004,45.111484999999995,7026800.0
BBAS3,2019-09-05,46.099998,47.779999,46.09,47.459998999999996,46.685368,12359200.0
BBAS3,2019-09-06,47.900002,49.389998999999996,47.900002,49.389998999999996,48.583866,14039100.0
BBAS3,2019-09-09,49.549999,50.529999,49.27,50.0,49.183907,13483300.0
BBAS3,2019-09-10,50.349998,50.5,48.880001,49.16,48.357620000000004,8448200.0
BBAS3,2019-09-11,49.5,49.970001,47.990002000000004,47.990002000000004,47.206718,14094600.0
BBAS3,2019-09-12,48.32,48.369999,47.400002,48.0,47.446873,10199500.0
BBAS3,2019-09-13,48.07,48.5,46.900002,47.139998999999996,46.596783,7975100.0
BBAS3,2019-09-16,47.040001000000004,47.560001,46.299999,46.650002,46.112431,8175500.0
BBAS3,2019-09-17,46.389998999999996,47.450001,46.119999,47.299999,46.754940000000005,6744200.0
BBAS3,2019-09-18,47.459998999999996,48.25,47.16,48.02,47.466644,8528300.0
BBAS3,2019-09-19,48.41,48.700001,46.77,46.77,46.231049,9661800.0
BBAS3,2019-09-20,47.0,47.98,46.900002,47.509997999999996,46.962517,15297300.0
BBAS3,2019-09-23,47.439999,47.740002000000004,46.860001000000004,47.279999,46.735168,5747300.0
BBAS3,2019-09-24,47.389998999999996,47.560001,45.599998,45.84,45.311764000000004,11999100.0
BBAS3,2019-09-25,45.84,45.84,44.799999,45.540001000000004,45.015223999999996,10914800.0
BBAS3,2019-09-26,45.790001000000004,46.209998999999996,45.209998999999996,45.709998999999996,45.183262,8760600.0
BBAS3,2019-09-27,45.5,46.080002,45.25,45.34,44.817528,7936500.0
BBAS3,2019-09-30,45.5,45.900002,45.48,45.490002000000004,44.965796999999995,5431300.0
BBAS3,2019-10-01,45.709998999999996,45.709998999999996,44.810001,44.950001,44.432018,6592200.0
BBAS3,2019-10-02,44.610001000000004,44.610001000000004,43.360001000000004,43.419998,42.919651,19222600.0
BBAS3,2019-10-03,43.77,45.290001000000004,43.619999,45.290001000000004,44.768101,15384000.0
BBAS3,2019-10-04,45.369999,45.599998,44.619999,45.599998,45.074528,7228200.0
BBAS3,2019-10-07,45.099998,45.23,43.759997999999996,43.799999,43.295269,13243600.0
BBAS3,2019-10-08,44.200001,44.330002,43.009997999999996,43.009997999999996,42.514374,11777200.0
BBAS3,2019-10-09,43.57,44.34,43.099998,44.200001,43.690661999999996,9264000.0
BBAS3,2019-10-10,44.290001000000004,44.82,44.02,44.400002,43.888359,6469000.0
BBAS3,2019-10-11,44.799999,45.389998999999996,44.75,45.23,44.708794,9108300.0
BBAS3,2019-10-14,45.240002000000004,45.560001,44.830002,45.0,44.481445,6863500.0
BBAS3,2019-10-15,44.970001,45.18,44.27,44.380001,43.868587,14788500.0
BBAS3,2019-10-16,44.400002,45.360001000000004,43.900002,45.0,44.481445,15239700.0
BBAS3,2019-10-17,45.330002,45.700001,44.580002,44.91,44.392483,24953800.0
BBAS3,2019-10-18,46.0,46.549999,45.5,46.060001,45.529232,47116600.0
BBAS3,2019-10-21,46.299999,46.75,45.77,46.400002,45.865314,15751100.0
BBAS3,2019-10-22,46.5,47.669998,46.439999,47.400002,46.853790000000004,17097300.0
BBAS3,2019-10-23,47.349998,48.360001000000004,46.880001,47.599998,47.051483000000005,20761300.0
BBAS3,2019-10-24,47.740002000000004,48.080002,46.709998999999996,47.299999,46.754940000000005,22140500.0
BBAS3,2019-10-25,47.279999,48.049999,47.110001000000004,47.73,47.179984999999995,10461600.0
BBAS3,2019-10-28,47.849998,48.790001000000004,47.700001,48.790001000000004,48.227771999999995,14499600.0
BBAS3,2019-10-29,48.59,49.110001000000004,48.459998999999996,48.66,48.099266,10394400.0
BBAS3,2019-10-30,48.610001000000004,49.419998,47.529999,49.419998,48.85051,15748200.0
BBAS3,2019-10-31,48.900002,49.0,47.950001,48.150002,47.595146,14170300.0
BBAS3,2019-11-01,48.439999,48.799999,47.450001,47.959998999999996,47.407333,12304300.0
BBAS3,2019-11-04,48.150002,48.549999,47.400002,47.689999,47.140446000000004,11123000.0
BBAS3,2019-11-05,47.799999,48.450001,47.630001,47.990002000000004,47.436989000000004,9246200.0
BBAS3,2019-11-06,48.0,48.48,47.349998,47.669998,47.120674,10844200.0
BBAS3,2019-11-07,48.049999,48.48,47.459998999999996,47.669998,47.120674,14498100.0
BBAS3,2019-11-08,47.360001000000004,47.75,46.560001,47.0,46.458397,16805900.0
BBAS3,2019-11-11,46.740002000000004,47.43,46.41,47.240002000000004,46.695633,10123900.0
BBAS3,2019-11-12,47.029999,47.540001000000004,46.349998,46.720001,46.181625,16508300.0
BBAS3,2019-11-13,46.43,46.689999,45.810001,45.950001,45.420497999999995,13087600.0
BBAS3,2019-11-14,46.130001,46.75,45.759997999999996,46.509997999999996,45.974045000000004,12033500.0
BBAS3,2019-11-18,47.0,47.150002,46.0,46.529999,45.993809000000006,15585600.0
BBAS3,2019-11-19,46.349998,46.470001,45.709998999999996,45.790001000000004,45.262341,8118000.0
BBAS3,2019-11-21,45.75,46.490002000000004,45.650002,46.380001,45.845543,11252800.0
BBAS3,2019-11-22,46.09,46.900002,45.919998,46.75,46.577877,7639800.0
BBAS3,2019-11-25,46.759997999999996,46.939999,46.27,46.599998,46.428429,7430100.0
BBAS3,2019-11-26,46.349998,46.380001,45.560001,46.0,45.830639,15330000.0
BBAS3,2019-11-27,46.200001,47.380001,45.490002000000004,47.34,47.165707,11237900.0
BBAS3,2019-11-28,46.939999,47.669998,46.560001,47.599998,47.424746999999996,6909900.0
BBAS3,2019-11-29,47.639998999999996,47.990002000000004,47.41,47.810001,47.633976000000004,7285500.0
BBAS3,2019-12-02,47.810001,48.330002,47.43,47.43,47.255375,9727400.0
BBAS3,2019-12-03,48.139998999999996,48.689999,47.950001,48.389998999999996,48.211838,17536700.0
BBAS3,2019-12-04,48.389998999999996,49.130001,48.299999,49.09,48.909259999999996,15029100.0
BBAS3,2019-12-05,49.16,49.27,48.310001,48.669998,48.490807000000004,9473100.0
BBAS3,2019-12-06,48.580002,48.990002000000004,48.27,48.470001,48.291546000000004,9635700.0
BBAS3,2019-12-09,48.349998,48.950001,48.310001,48.619999,48.44099,8429900.0
BBAS3,2019-12-10,48.549999,48.740002000000004,47.66,47.919998,47.743567999999996,6527300.0
BBAS3,2019-12-11,48.049999,48.369999,47.560001,47.849998,47.673823999999996,9979700.0
BBAS3,2019-12-12,48.0,48.91,47.860001000000004,48.91,48.91,8498200.0
BBAS3,2019-12-13,48.860001000000004,49.5,48.360001000000004,48.529999,48.529999,18029900.0
BBAS3,2019-12-16,48.759997999999996,49.25,47.869999,47.869999,47.869999,12007400.0
BBAS3,2019-12-17,48.139998999999996,48.950001,47.919998,48.950001,48.950001,10542000.0
BBAS3,2019-12-18,48.75,50.709998999999996,48.630001,50.639998999999996,50.639998999999996,20459600.0
BBAS3,2019-12-19,50.299999,51.16,50.080002,51.16,51.16,12193800.0
BBAS3,2019-12-20,50.950001,51.099998,50.240002000000004,51.060001,51.060001,9537300.0
BBAS3,2019-12-23,50.959998999999996,52.599998,50.740002000000004,52.599998,52.599998,8803400.0
BBAS3,2019-12-26,52.48,53.259997999999996,52.349998,53.200001,53.200001,10031600.0
BBAS3,2019-12-27,53.349998,53.669998,52.43,52.48,52.48,5529300.0
BBAS3,2019-12-30,53.099998,53.34,52.849998,53.009997999999996,53.009997999999996,4570400.0
BBAS3,2020-01-02,53.349998,53.900002,53.169998,53.790001000000004,53.790001000000004,9140500.0
BBAS3,2020-01-03,53.099998,53.91,52.849998,53.709998999999996,53.709998999999996,9465400.0
BBAS3,2020-01-06,53.400002,53.400002,52.450001,53.0,53.0,9999900.0
BBAS3,2020-01-07,53.0,53.029999,52.290001000000004,52.599998,52.599998,10638500.0
BBAS3,2020-01-08,52.759997999999996,52.990002000000004,52.040001000000004,52.119999,52.119999,21468600.0
BBAS3,2020-01-09,52.200001,52.330002,50.73,51.060001,51.060001,24743000.0
BBAS3,2020-01-10,51.16,51.439999,49.560001,49.860001000000004,49.860001000000004,15348200.0
BBAS3,2020-01-13,49.98,50.5,49.610001000000004,50.34,50.34,10853200.0
CIEL3,2019-01-14,10.64,11.09,10.5,10.9,10.185151,14677800.0
CIEL3,2019-01-15,10.95,11.05,10.39,10.5,9.811385000000001,16835200.0
CIEL3,2019-01-16,10.51,10.66,10.11,10.24,9.568438,14263100.0
CIEL3,2019-01-17,10.2,10.55,10.12,10.48,9.792696000000001,13138800.0
CIEL3,2019-01-18,10.54,10.71,10.25,10.42,9.736633,14720800.0
CIEL3,2019-01-21,10.42,10.8,10.33,10.65,9.95155,9565700.0
CIEL3,2019-01-22,10.56,10.63,10.35,10.4,9.717943,11586500.0
CIEL3,2019-01-23,10.48,10.52,10.21,10.21,9.540403,13694200.0
CIEL3,2019-01-24,10.26,10.98,10.26,10.68,9.979582,22096500.0
CIEL3,2019-01-28,10.61,11.19,10.55,10.89,10.17581,13452500.0
CIEL3,2019-01-29,10.31,11.45,10.26,11.42,10.67105,35264000.0
CIEL3,2019-01-30,11.6,12.14,11.44,11.59,10.829901,37066800.0
CIEL3,2019-01-31,11.6,11.96,11.52,11.94,11.156946000000001,25854700.0
CIEL3,2019-02-01,11.96,12.15,11.84,12.03,11.241044,16884800.0
CIEL3,2019-02-04,12.05,12.25,11.67,11.72,10.951375,16074900.0
CIEL3,2019-02-05,11.67,11.91,11.04,11.18,10.44679,33647600.0
CIEL3,2019-02-06,11.17,11.17,10.33,10.35,9.671224,28270900.0
CIEL3,2019-02-07,10.44,10.86,10.25,10.7,9.998268,22774300.0
CIEL3,2019-02-08,10.69,10.73,10.37,10.6,9.904827000000001,16834100.0
CIEL3,2019-02-11,10.7,11.14,10.55,11.06,10.334659,13765500.0
CIEL3,2019-02-12,11.15,11.27,10.93,11.07,10.344003,16759800.0
CIEL3,2019-02-13,11.1,11.34,10.97,10.98,10.259905,14286600.0
CIEL3,2019-02-14,11.08,11.3,10.82,11.3,10.55892,11672500.0
CIEL3,2019-02-15,11.25,11.32,10.91,10.96,10.241218,12264300.0
CIEL3,2019-02-18,10.98,11.02,10.65,10.66,9.960891,7524600.0
CIEL3,2019-02-19,10.72,11.0,10.71,10.82,10.1104,10247700.0
CIEL3,2019-02-20,10.92,11.2,10.84,11.1,10.372036,14469800.0
CIEL3,2019-02-21,11.25,11.25,10.74,10.9,10.185151,11420100.0
CIEL3,2019-02-22,10.97,11.4,10.92,11.35,10.605639,13592400.0
CIEL3,2019-02-25,11.23,11.29,10.83,10.9,10.425253,15578700.0
CIEL3,2019-02-26,10.9,11.37,10.9,11.36,10.865219999999999,10005500.0
CIEL3,2019-02-27,11.31,11.48,11.08,11.13,10.645236,11590200.0
CIEL3,2019-02-28,11.18,11.24,10.78,10.87,10.396560000000001,14897600.0
CIEL3,2019-03-01,10.98,11.1,10.79,10.8,10.329609,7646600.0
CIEL3,2019-03-06,,,,,,
CIEL3,2019-03-07,10.72,10.79,10.55,10.67,10.205272,8134800.0
CIEL3,2019-03-08,10.65,10.95,10.51,10.84,10.367867,9658500.0
CIEL3,2019-03-11,10.92,11.12,10.87,11.12,10.635672,6539200.0
CIEL3,2019-03-12,11.13,11.17,10.92,10.97,10.492206,7269900.0
CIEL3,2019-03-13,10.92,11.05,10.72,10.79,10.320045,16324200.0
CIEL3,2019-03-14,10.83,10.88,10.6,10.69,10.2244,8415000.0
CIEL3,2019-03-15,10.68,10.7,10.47,10.53,10.071369,22611300.0
CIEL3,2019-03-18,10.6,10.8,10.52,10.8,10.329609,11710600.0
CIEL3,2019-03-19,10.81,11.3,10.76,11.12,10.635672,19845500.0
CIEL3,2019-03-20,11.15,11.17,10.72,10.79,10.320045,10831900.0
CIEL3,2019-03-21,10.8,10.8,10.34,10.36,9.908774000000001,17375000.0
CIEL3,2019-03-22,10.24,10.24,9.9,9.95,9.516631,18488500.0
CIEL3,2019-03-25,10.05,10.05,9.55,9.6,9.181875,21965300.0
CIEL3,2019-03-26,9.69,9.74,9.38,9.6,9.181875,16078800.0
CIEL3,2019-03-27,9.5,9.72,9.28,9.34,8.9332,14864900.0
CIEL3,2019-03-28,9.4,9.62,9.33,9.57,9.153181,14883800.0
CIEL3,2019-03-29,9.63,9.72,9.38,9.49,9.128623,9210200.0
CIEL3,2019-04-01,9.55,9.62,9.42,9.61,9.244055,6041100.0
CIEL3,2019-04-02,9.64,9.69,9.14,9.14,8.791953,17889500.0
CIEL3,2019-04-03,9.27,9.28,8.78,8.84,8.503376,17029100.0
CIEL3,2019-04-04,8.89,9.35,8.89,9.35,8.993957,15019000.0
CIEL3,2019-04-05,9.4,9.45,9.19,9.3,8.94586,8893400.0
CIEL3,2019-04-08,9.23,9.28,9.01,9.21,8.859287,12028000.0
CIEL3,2019-04-09,9.15,9.5,9.14,9.36,9.003574,12696900.0
CIEL3,2019-04-10,9.42,9.84,9.41,9.72,9.349866,24579000.0
CIEL3,2019-04-11,9.73,9.8,9.3,9.38,9.022813000000001,10680600.0
CIEL3,2019-04-12,9.29,9.38,9.1,9.25,8.897764,11790100.0
CIEL3,2019-04-15,9.35,9.38,8.95,9.02,8.676522,12829300.0
CIEL3,2019-04-16,9.05,9.09,8.83,9.03,8.68614,12050900.0
CIEL3,2019-04-17,9.06,9.11,8.8,8.9,8.56109,12208400.0
CIEL3,2019-04-18,8.25,8.36,8.08,8.25,7.935842999999999,36028200.0
CIEL3,2019-04-22,8.3,8.33,7.96,8.02,7.714602,16322100.0
CIEL3,2019-04-23,8.07,8.7,8.06,8.35,8.032036,24198100.0
CIEL3,2019-04-24,8.03,8.77,7.92,7.98,7.676125,33040900.0
CIEL3,2019-04-25,8.05,8.21,7.88,7.93,7.628028,29967100.0
CIEL3,2019-04-26,7.95,8.02,7.55,7.7,7.406786,21109700.0
CIEL3,2019-04-29,7.71,8.04,7.62,7.92,7.618410000000001,17373300.0
CIEL3,2019-04-30,7.99,8.03,7.59,7.68,7.387548,19477800.0
CIEL3,2019-05-02,7.59,7.68,7.48,7.49,7.204783,16342200.0
CIEL3,2019-05-03,7.55,7.56,7.36,7.38,7.098973,12270600.0
CIEL3,2019-05-06,7.34,7.66,7.23,7.59,7.3009759999999995,16823800.0
CIEL3,2019-05-07,7.6,7.6,7.37,7.5,7.214403,11950700.0
CIEL3,2019-05-08,7.53,7.94,7.51,7.82,7.522218,15997600.0
CIEL3,2019-05-09,7.76,7.95,7.69,7.69,7.397168,12263100.0
CIEL3,2019-05-10,7.69,7.8,7.5,7.54,7.25288,12397800.0
CIEL3,2019-05-13,7.4,7.47,7.27,7.36,7.079733999999999,12221000.0
CIEL3,2019-05-14,7.41,7.46,7.29,7.39,7.108592,11350300.0
CIEL3,2019-05-15,7.29,7.66,7.16,7.41,7.12783,14282000.0
CIEL3,2019-05-16,7.31,7.37,7.11,7.15,6.877731,14564600.0
CIEL3,2019-05-17,7.1,7.23,6.84,6.84,6.579535000000001,17016700.0
CIEL3,2019-05-20,6.9,7.1,6.89,6.95,6.685347,11064400.0
CIEL3,2019-05-21,7.0,7.15,6.91,7.09,6.820015,11857000.0
CIEL3,2019-05-22,7.14,7.3,7.08,7.3,7.022019,11121100.0
CIEL3,2019-05-23,7.25,7.64,7.23,7.5,7.214403,10838900.0
CIEL3,2019-05-24,7.6,7.63,7.45,7.58,7.2913559999999995,6279500.0
CIEL3,2019-05-27,7.25,7.4,7.08,7.25,6.973922999999999,15343400.0
CIEL3,2019-05-28,7.19,7.33,7.06,7.06,6.791158,19979200.0
CIEL3,2019-05-29,7.05,7.08,6.76,6.76,6.5025830000000004,21232100.0
CIEL3,2019-05-30,6.77,7.0,6.71,6.76,6.5025830000000004,15850900.0
CIEL3,2019-05-31,6.77,6.8,6.63,6.7,6.444866,10940300.0
CIEL3,2019-06-03,6.71,6.79,6.58,6.73,6.473724,10481200.0
CIEL3,2019-06-04,6.82,6.9,6.6,6.6,6.348674,11946500.0
CIEL3,2019-06-05,6.66,6.74,6.53,6.66,6.406389,9981700.0
CIEL3,2019-06-06,6.73,6.94,6.66,6.9,6.637250999999999,10625300.0
CIEL3,2019-06-07,6.96,6.99,6.65,6.7,6.444866,14187200.0
CIEL3,2019-06-10,6.73,6.75,6.47,6.57,6.319817,20415100.0
CIEL3,2019-06-11,6.6,6.63,6.49,6.6,6.348674,15735400.0
CIEL3,2019-06-12,6.57,6.57,6.25,6.4,6.231789,35493900.0
CIEL3,2019-06-13,6.36,6.79,6.32,6.66,6.484954,22370200.0
CIEL3,2019-06-14,6.66,6.75,6.46,6.6,6.426532,11612600.0
CIEL3,2019-06-17,6.59,6.8,6.49,6.62,6.446006,20743400.0
CIEL3,2019-06-18,6.67,6.76,6.65,6.75,6.572589,10505700.0
CIEL3,2019-06-19,6.8,6.89,6.7,6.85,6.669961,12883900.0
CIEL3,2019-06-21,6.87,7.28,6.86,7.28,7.088660000000001,32252300.0
CIEL3,2019-06-24,7.3,7.3,7.08,7.17,7.0590839999999995,12175600.0
CIEL3,2019-06-25,7.12,7.14,6.87,6.95,6.842486,12312800.0
CIEL3,2019-06-26,6.99,7.04,6.81,6.94,6.832641000000001,10819500.0
CIEL3,2019-06-27,6.9,6.93,6.79,6.89,6.783415,18362700.0
CIEL3,2019-06-28,6.9,6.94,6.68,6.72,6.6638399999999995,14235600.0
CIEL3,2019-07-01,6.81,6.83,6.68,6.68,6.624175,8438500.0
CIEL3,2019-07-02,6.72,6.8,6.54,6.55,6.495262,15503500.0
CIEL3,2019-07-03,6.61,6.88,6.55,6.87,6.812587,14368900.0
CIEL3,2019-07-04,6.88,7.06,6.88,7.0,6.941501,10476000.0
CIEL3,2019-07-05,7.01,7.01,6.83,6.87,6.812587,10175400.0
CIEL3,2019-07-08,6.87,7.05,6.81,7.01,6.951417,10913400.0
CIEL3,2019-07-10,7.07,7.3,7.06,7.3,7.238994,38622400.0
CIEL3,2019-07-11,7.32,7.73,7.22,7.46,7.397656,27009700.0
CIEL3,2019-07-12,7.54,7.58,7.23,7.23,7.169579,15668100.0
CIEL3,2019-07-15,7.23,7.29,7.04,7.04,6.981166,12800300.0
CIEL3,2019-07-16,7.07,7.1,6.87,7.01,6.951417,14716400.0
CIEL3,2019-07-17,7.1,7.13,6.82,6.95,6.8919179999999995,16745100.0
CIEL3,2019-07-18,6.95,6.99,6.7,6.7,6.644008,24614200.0
CIEL3,2019-07-19,6.73,6.77,6.65,6.68,6.624175,16730700.0
CIEL3,2019-07-22,6.72,7.0,6.65,7.0,6.941501,26966100.0
CIEL3,2019-07-23,7.05,7.28,6.75,6.75,6.6935910000000005,30600000.0
CIEL3,2019-07-24,6.75,7.62,6.61,7.62,7.556319,66205100.0
CIEL3,2019-07-25,7.5,7.97,7.28,7.51,7.447239,65931700.0
CIEL3,2019-07-26,7.51,7.59,7.3,7.38,7.318325,20174900.0
CIEL3,2019-07-29,7.38,7.4,7.22,7.3,7.238994,13506800.0
CIEL3,2019-07-30,7.3,7.48,7.26,7.39,7.328241,15754700.0
CIEL3,2019-07-31,7.44,7.46,7.17,7.24,7.179494999999999,13277300.0
CIEL3,2019-08-01,7.28,8.35,7.13,8.35,8.28022,25892800.0
CIEL3,2019-08-02,8.09,8.29,7.83,7.99,7.923227000000001,39185100.0
CIEL3,2019-08-05,7.75,7.88,7.67,7.79,7.724898,12689200.0
CIEL3,2019-08-06,7.76,8.06,7.59,7.93,7.863728,16294900.0
CIEL3,2019-08-07,7.85,7.93,7.6,7.91,7.843896000000001,10964500.0
CIEL3,2019-08-08,7.96,7.99,7.5,7.67,7.605900999999999,23466800.0
CIEL3,2019-08-09,7.67,7.9,7.66,7.71,7.645567,11948300.0
CIEL3,2019-08-12,7.59,7.67,7.52,7.52,7.457153999999999,11116400.0
CIEL3,2019-08-13,7.54,7.72,7.51,7.63,7.566236,10452900.0
CIEL3,2019-08-14,7.6,7.6,7.45,7.51,7.447239,25738300.0
CIEL3,2019-08-15,7.55,7.57,7.21,7.4,7.338158,30239100.0
CIEL3,2019-08-16,7.39,7.44,7.28,7.33,7.268743,10790900.0
CIEL3,2019-08-19,7.4,7.55,7.26,7.26,7.1993279999999995,10946400.0
CIEL3,2019-08-20,7.26,7.72,7.14,7.59,7.5265699999999995,21720900.0
CIEL3,2019-08-21,7.66,8.05,7.61,7.95,7.883561,33670200.0
CIEL3,2019-08-22,8.08,8.08,7.56,7.62,7.556319,14076600.0
CIEL3,2019-08-23,7.54,7.57,7.21,7.24,7.179494999999999,12555800.0
CIEL3,2019-08-26,7.3,7.49,7.2,7.3,7.238994,11738600.0
CIEL3,2019-08-27,7.37,7.43,7.17,7.22,7.159662,16826900.0
CIEL3,2019-08-28,7.23,7.29,7.16,7.26,7.1993279999999995,11607600.0
CIEL3,2019-08-29,7.27,7.54,7.22,7.49,7.427405,11645800.0
CIEL3,2019-08-30,7.53,7.75,7.5,7.75,7.685233,16818400.0
CIEL3,2019-09-02,7.73,7.75,7.5,7.59,7.5265699999999995,9048500.0
CIEL3,2019-09-03,7.54,7.78,7.42,7.7,7.63565,11321000.0
CIEL3,2019-09-04,7.79,7.96,7.72,7.91,7.843896000000001,10422800.0
CIEL3,2019-09-05,7.95,8.12,7.74,7.75,7.685233,11038500.0
CIEL3,2019-09-06,7.75,7.88,7.67,7.75,7.685233,8875900.0
CIEL3,2019-09-09,7.81,7.83,7.48,7.49,7.427405,10870500.0
CIEL3,2019-09-10,7.5,7.6,7.41,7.52,7.457153999999999,9321400.0
CIEL3,2019-09-11,7.53,7.75,7.47,7.7,7.63565,8230800.0
CIEL3,2019-09-12,7.75,7.88,7.57,7.71,7.645567,17065700.0
CIEL3,2019-09-13,7.77,7.77,7.62,7.64,7.579484,8535700.0
CIEL3,2019-09-16,7.72,8.28,7.68,8.1,8.035841,32115800.0
CIEL3,2019-09-17,8.07,8.23,7.94,8.22,8.15489,10972000.0
CIEL3,2019-09-18,8.11,8.96,8.06,8.96,8.889028,44193100.0
CIEL3,2019-09-19,8.91,8.97,8.5,8.5,8.432672,29730500.0
CIEL3,2019-09-20,8.6,8.85,8.33,8.39,8.323545,33459200.0
CIEL3,2019-09-23,8.37,8.68,8.35,8.61,8.5418,16898700.0
CIEL3,2019-09-24,8.72,8.79,8.22,8.58,8.512037,23682100.0
CIEL3,2019-09-25,8.5,8.6,8.29,8.37,8.331658000000001,19911700.0
CIEL3,2019-09-26,8.42,8.45,8.16,8.3,8.261979,17053000.0
CIEL3,2019-09-27,8.28,8.36,7.87,7.93,7.893674000000001,19008000.0
CIEL3,2019-09-30,7.95,8.15,7.94,8.0,7.963353999999999,14129300.0
CIEL3,2019-10-01,8.06,8.15,7.8,7.86,7.823995,14126000.0
CIEL3,2019-10-02,7.83,7.83,7.51,7.51,7.475598,15255700.0
CIEL3,2019-10-03,7.56,7.92,7.48,7.82,7.784178,16855000.0
CIEL3,2019-10-04,7.86,7.87,7.62,7.71,7.674682000000001,9751200.0
CIEL3,2019-10-07,7.7,7.81,7.56,7.64,7.605002000000001,8366300.0
CIEL3,2019-10-08,7.68,7.68,7.46,7.5,7.465644,13429600.0
CIEL3,2019-10-09,7.55,7.74,7.5,7.65,7.614957,22911200.0
CIEL3,2019-10-10,7.72,7.72,7.4,7.47,7.4357809999999995,23627600.0
CIEL3,2019-10-11,7.53,7.81,7.5,7.75,7.714499000000001,16082700.0
CIEL3,2019-10-14,7.73,7.89,7.68,7.78,7.7443610000000005,10408000.0
CIEL3,2019-10-15,7.78,7.79,7.55,7.58,7.545278,16910500.0
CIEL3,2019-10-16,7.6,7.66,7.52,7.65,7.614957,11643000.0
CIEL3,2019-10-17,7.66,7.8,7.58,7.6,7.565186,12464900.0
CIEL3,2019-10-18,7.6,7.69,7.51,7.65,7.614957,13506100.0
CIEL3,2019-10-21,7.68,7.73,7.6,7.7,7.664727,9424400.0
CIEL3,2019-10-22,7.75,7.99,7.71,7.89,7.853858,22873000.0
CIEL3,2019-10-23,7.9,7.94,7.73,7.83,7.794132,13727600.0
CIEL3,2019-10-24,7.89,7.89,7.57,7.64,7.605002000000001,11336200.0
CIEL3,2019-10-25,7.65,8.04,7.65,7.89,7.853858,14287700.0
CIEL3,2019-10-28,7.92,8.07,7.76,7.81,7.774224,13535000.0
CIEL3,2019-10-29,7.78,8.02,7.78,7.94,7.903628,13745400.0
CIEL3,2019-10-30,7.76,7.87,7.45,7.65,7.614957,37732600.0
CIEL3,2019-10-31,7.64,7.66,7.47,7.56,7.525369,11839700.0
CIEL3,2019-11-01,7.59,7.63,7.38,7.4,7.366102000000001,13062600.0
CIEL3,2019-11-04,7.44,7.55,7.42,7.52,7.485552,8732300.0
CIEL3,2019-11-05,7.53,7.54,7.31,7.4,7.366102000000001,12549100.0
CIEL3,2019-11-06,7.39,7.42,7.25,7.36,7.341645,13328800.0
CIEL3,2019-11-07,7.41,7.63,7.35,7.63,7.610972,34157300.0
CIEL3,2019-11-08,7.61,7.95,7.5,7.74,7.720697,21861100.0
CIEL3,2019-11-11,7.74,8.03,7.59,8.02,8.0,20406800.0
CIEL3,2019-11-12,7.97,8.06,7.73,7.95,7.930174000000001,18344800.0
CIEL3,2019-11-13,7.96,8.03,7.81,8.01,7.990025,18862400.0
CIEL3,2019-11-14,8.05,8.19,7.88,7.89,7.870323,12443400.0
CIEL3,2019-11-18,7.98,7.98,7.59,7.65,7.630922,14594100.0
CIEL3,2019-11-19,7.71,7.81,7.63,7.65,7.630922,8563000.0
CIEL3,2019-11-21,7.68,7.73,7.56,7.64,7.620947,10017500.0
CIEL3,2019-11-22,7.67,7.7,7.48,7.53,7.511221000000001,9805700.0
CIEL3,2019-11-25,7.53,7.89,7.48,7.82,7.800497999999999,17758300.0
CIEL3,2019-11-26,7.79,7.89,7.48,7.58,7.561097,18894900.0
CIEL3,2019-11-27,7.64,7.67,7.41,7.46,7.441396000000001,10620200.0
CIEL3,2019-11-28,7.49,7.75,7.46,7.74,7.720697,10959100.0
CIEL3,2019-11-29,7.75,7.83,7.65,7.8,7.780548,10232400.0
CIEL3,2019-12-02,7.82,7.87,7.71,7.77,7.750622999999999,14366500.0
CIEL3,2019-12-03,7.83,7.89,7.69,7.83,7.810473,8595500.0
CIEL3,2019-12-04,7.84,7.84,7.67,7.68,7.660847,8943400.0
CIEL3,2019-12-05,7.71,8.12,7.68,8.08,8.05985,22001200.0
CIEL3,2019-12-06,8.09,8.18,7.94,8.07,8.049874,16208400.0
CIEL3,2019-12-09,8.06,8.29,7.99,8.14,8.1197,11063700.0
CIEL3,2019-12-10,8.1,8.21,8.0,8.1,8.0798,10125200.0
CIEL3,2019-12-11,8.14,8.25,8.11,8.25,8.229425,8573800.0
CIEL3,2019-12-12,8.29,8.45,8.25,8.4,8.379050999999999,11051900.0
CIEL3,2019-12-13,8.47,8.79,8.47,8.78,8.758103,15483200.0
CIEL3,2019-12-16,8.75,8.93,8.24,8.33,8.309225999999999,24671600.0
CIEL3,2019-12-17,8.27,8.8,8.27,8.79,8.768079,20224500.0
CIEL3,2019-12-18,8.83,9.07,8.66,8.74,8.718204,21490200.0
CIEL3,2019-12-19,8.76,8.79,8.45,8.54,8.518703,19795500.0
CIEL3,2019-12-20,8.55,8.55,8.43,8.47,8.448877,17099800.0
CIEL3,2019-12-23,8.52,8.57,8.38,8.53,8.508727,9853200.0
CIEL3,2019-12-26,8.54,8.73,8.44,8.7,8.678303999999999,8319500.0
CIEL3,2019-12-27,8.79,8.88,8.53,8.55,8.528678,10267100.0
CIEL3,2019-12-30,8.57,8.67,8.38,8.44,8.418951,6152200.0
CIEL3,2020-01-02,8.5,8.52,8.25,8.37,8.37,6808300.0
CIEL3,2020-01-03,8.43,8.54,8.37,8.46,8.46,13341700.0
CIEL3,2020-01-06,8.4,8.44,8.15,8.25,8.25,9634200.0
CIEL3,2020-01-07,8.28,8.31,8.01,8.01,8.01,10229800.0
CIEL3,2020-01-08,8.04,8.08,7.82,7.83,7.83,15065300.0
CIEL3,2020-01-09,7.75,7.76,7.29,7.35,7.35,29809600.0
CIEL3,2020-01-10,7.37,7.53,7.31,7.4,7.4,14090800.0
CIEL3,2020-01-13,7.43,7.57,7.39,7.43,7.43,8242700.0
